<?xml version="1.0" encoding="UTF-8"?>
<html xmlns="http://www.w3.org/1999/xhtml"
    xmlns:ev="http://www.w3.org/2001/xml-events"
    xmlns:w2="http://www.inswave.com/websquare" xmlns:xf="http://www.w3.org/2002/xforms">
    <head>
    	<w2:type>DEFAULT</w2:type>
        <w2:buildDate/>
        <xf:model>
            <xf:instance>
                <data xmlns=""/>
            </xf:instance>
            <w2:dataCollection baseNode="map">
            </w2:dataCollection>
            <w2:workflowCollection>
            </w2:workflowCollection>
        </xf:model>
        <script type="text/javascript"><![CDATA[
        
	
	function fn01(){
		debugger;
		
		console.log('onerror 발생');
		this.src="/0.mySamples/image/inswave.png";
	}
	]]></script>
    </head>
    <body>
    	<xf:image id="image2"
    		style="position: relative;width: 100px;height: 100px;" src="test.jpg" onerror="fn01">
    	</xf:image>
    </body>
</html>
