<?xml version="1.0" encoding="UTF-8"?>
<html xmlns="http://www.w3.org/1999/xhtml" xmlns:ev="http://www.w3.org/2001/xml-events" xmlns:w2="http://www.inswave.com/websquare"
	xmlns:xf="http://www.w3.org/2002/xforms">
	<head>
		<w2:type>DEFAULT</w2:type>
		<w2:buildDate />
		<xf:model>
			<xf:instance>
				<data xmlns="" />
			</xf:instance>
			<w2:dataCollection baseNode="vector">
				<w2:dataList baseNode="vector" id="infoList" style="" saveRemovedData="true" repeatNode="data/CODXA01" valueAttribute="">
					<w2:columnInfo>
						<w2:column id="sDate" name="sDate" dataType="text">
						</w2:column>
						<w2:column id="nDateType" name="nDateType" dataType="text">
						</w2:column>
						<w2:column id="sDesc" name="sDesc" dataType="text">
						</w2:column>
						<w2:column id="sETC1" name="sETC1" dataType="text">
						</w2:column>
						<w2:column id="sETC2" name="sETC2" dataType="text">
						</w2:column>
						<w2:column id="sETC3" name="sETC3" dataType="text">
						</w2:column>
						<w2:column id="sETC4" name="sETC4" dataType="text">
						</w2:column>
						<w2:column id="sETC5" name="sETC5" dataType="text">
						</w2:column>
						<w2:column id="sETC6" name="sETC6" dataType="text">
						</w2:column>
						<w2:column id="sETC7" name="sETC7" dataType="text">
						</w2:column>
						<w2:column id="sETC8" name="sETC8" dataType="text">
						</w2:column>
						<w2:column id="sETC9" name="sETC9" dataType="text">
						</w2:column>
						<w2:column id="sETC10" name="sETC10" dataType="text">
						</w2:column>
						<w2:column id="sETC11" name="sETC11" dataType="text">
						</w2:column>
						<w2:column id="sETC12" name="sETC12" dataType="text">
						</w2:column>
						<w2:column id="sETC13" name="sETC13" dataType="text">
						</w2:column>
						<w2:column id="sETC14" name="sETC14" dataType="text">
						</w2:column>
						<w2:column id="sETC15" name="sETC15" dataType="text">
						</w2:column>
						<w2:column id="sETC16" name="sETC16" dataType="text">
						</w2:column>
						<w2:column id="sETC17" name="sETC17" dataType="text">
						</w2:column>
					</w2:columnInfo>
					<w2:data xmlns="">
						<w2:row>
							<sDate><![CDATA[20010101]]></sDate>
							<nDateType><![CDATA[1]]></nDateType>
							<sDesc><![CDATA[신,정]]></sDesc>
							<sETC1><![CDATA[2000]]></sETC1>
							<sETC2><![CDATA[100-055-564]]></sETC2>
							<sETC3><![CDATA[테스트1]]></sETC3>
							<sETC4><![CDATA[6391]]></sETC4>
							<sETC5><![CDATA[7257]]></sETC5>
							<sETC6><![CDATA[8935]]></sETC6>
							<sETC7><![CDATA[1233]]></sETC7>
							<sETC8><![CDATA[6599]]></sETC8>
							<sETC9><![CDATA[6026]]></sETC9>
							<sETC10><![CDATA[2348]]></sETC10>
							<sETC11><![CDATA[2289]]></sETC11>
							<sETC12><![CDATA[3584]]></sETC12>
							<sETC13><![CDATA[2036]]></sETC13>
							<sETC14><![CDATA[2863]]></sETC14>
							<sETC15><![CDATA[6178]]></sETC15>
							<sETC16><![CDATA[130]]></sETC16>
							<sETC17><![CDATA[6597]]></sETC17>
						</w2:row>
						<w2:row>
							<sDate><![CDATA[20010121]]></sDate>
							<nDateType><![CDATA[1]]></nDateType>
							<sDesc><![CDATA[설날]]></sDesc>
							<sETC1><![CDATA[2001]]></sETC1>
							<sETC2><![CDATA[100-055-564]]></sETC2>
							<sETC3><![CDATA[테스트2]]></sETC3>
							<sETC4><![CDATA[3958]]></sETC4>
							<sETC5><![CDATA[9906]]></sETC5>
							<sETC6><![CDATA[2434]]></sETC6>
							<sETC7><![CDATA[3164]]></sETC7>
							<sETC8><![CDATA[6616]]></sETC8>
							<sETC9><![CDATA[523]]></sETC9>
							<sETC10><![CDATA[9746]]></sETC10>
							<sETC11><![CDATA[4242]]></sETC11>
							<sETC12><![CDATA[5663]]></sETC12>
							<sETC13><![CDATA[3967]]></sETC13>
							<sETC14><![CDATA[3682]]></sETC14>
							<sETC15><![CDATA[8637]]></sETC15>
							<sETC16><![CDATA[5050]]></sETC16>
							<sETC17><![CDATA[3463]]></sETC17>
						</w2:row>
						<w2:row>
							<sDate><![CDATA[20010122]]></sDate>
							<nDateType><![CDATA[1]]></nDateType>
							<sDesc><![CDATA[설날]]></sDesc>
							<sETC1><![CDATA[2002]]></sETC1>
							<sETC2><![CDATA[100-055-564]]></sETC2>
							<sETC3><![CDATA[테스트3]]></sETC3>
							<sETC4><![CDATA[9267]]></sETC4>
							<sETC5><![CDATA[7613]]></sETC5>
							<sETC6><![CDATA[900]]></sETC6>
							<sETC7><![CDATA[2061]]></sETC7>
							<sETC8><![CDATA[300]]></sETC8>
							<sETC9><![CDATA[5984]]></sETC9>
							<sETC10><![CDATA[4951]]></sETC10>
							<sETC11><![CDATA[9046]]></sETC11>
							<sETC12><![CDATA[1678]]></sETC12>
							<sETC13><![CDATA[6758]]></sETC13>
							<sETC14><![CDATA[8284]]></sETC14>
							<sETC15><![CDATA[2661]]></sETC15>
							<sETC16><![CDATA[9935]]></sETC16>
							<sETC17><![CDATA[6402]]></sETC17>
						</w2:row>
						<w2:row>
							<sDate><![CDATA[20010123]]></sDate>
							<nDateType><![CDATA[1]]></nDateType>
							<sDesc><![CDATA[설날]]></sDesc>
							<sETC1><![CDATA[2003]]></sETC1>
							<sETC2><![CDATA[100-055-564]]></sETC2>
							<sETC3><![CDATA[테스트4]]></sETC3>
							<sETC4><![CDATA[9461]]></sETC4>
							<sETC5><![CDATA[3432]]></sETC5>
							<sETC6><![CDATA[9057]]></sETC6>
							<sETC7><![CDATA[7929]]></sETC7>
							<sETC8><![CDATA[6289]]></sETC8>
							<sETC9><![CDATA[8948]]></sETC9>
							<sETC10><![CDATA[6784]]></sETC10>
							<sETC11><![CDATA[202]]></sETC11>
							<sETC12><![CDATA[7053]]></sETC12>
							<sETC13><![CDATA[5876]]></sETC13>
							<sETC14><![CDATA[8378]]></sETC14>
							<sETC15><![CDATA[2397]]></sETC15>
							<sETC16><![CDATA[5807]]></sETC16>
							<sETC17><![CDATA[3581]]></sETC17>
						</w2:row>
						<w2:row>
							<sDate><![CDATA[20010301]]></sDate>
							<nDateType><![CDATA[1]]></nDateType>
							<sDesc><![CDATA[삼일절]]></sDesc>
							<sETC1><![CDATA[2004]]></sETC1>
							<sETC2><![CDATA[100-055-564]]></sETC2>
							<sETC3><![CDATA[테스트5]]></sETC3>
							<sETC4><![CDATA[2929]]></sETC4>
							<sETC5><![CDATA[377]]></sETC5>
							<sETC6><![CDATA[6252]]></sETC6>
							<sETC7><![CDATA[5921]]></sETC7>
							<sETC8><![CDATA[4891]]></sETC8>
							<sETC9><![CDATA[4789]]></sETC9>
							<sETC10><![CDATA[9371]]></sETC10>
							<sETC11><![CDATA[7816]]></sETC11>
							<sETC12><![CDATA[9061]]></sETC12>
							<sETC13><![CDATA[2607]]></sETC13>
							<sETC14><![CDATA[2884]]></sETC14>
							<sETC15><![CDATA[4239]]></sETC15>
							<sETC16><![CDATA[5952]]></sETC16>
							<sETC17><![CDATA[1553]]></sETC17>
						</w2:row>
						<w2:row>
							<sDate><![CDATA[20010405]]></sDate>
							<nDateType><![CDATA[1]]></nDateType>
							<sDesc><![CDATA[식목일]]></sDesc>
							<sETC1><![CDATA[2005]]></sETC1>
							<sETC2><![CDATA[100-055-564]]></sETC2>
							<sETC3><![CDATA[테스트6]]></sETC3>
							<sETC4><![CDATA[980]]></sETC4>
							<sETC5><![CDATA[6286]]></sETC5>
							<sETC6><![CDATA[5944]]></sETC6>
							<sETC7><![CDATA[4449]]></sETC7>
							<sETC8><![CDATA[1135]]></sETC8>
							<sETC9><![CDATA[2410]]></sETC9>
							<sETC10><![CDATA[3330]]></sETC10>
							<sETC11><![CDATA[8813]]></sETC11>
							<sETC12><![CDATA[500]]></sETC12>
							<sETC13><![CDATA[9315]]></sETC13>
							<sETC14><![CDATA[183]]></sETC14>
							<sETC15><![CDATA[4823]]></sETC15>
							<sETC16><![CDATA[291]]></sETC16>
							<sETC17><![CDATA[1821]]></sETC17>
						</w2:row>
						<w2:row>
							<sDate><![CDATA[20010501]]></sDate>
							<nDateType><![CDATA[1]]></nDateType>
							<sDesc><![CDATA[근로자의날]]></sDesc>
							<sETC1><![CDATA[2006]]></sETC1>
							<sETC2><![CDATA[100-055-564]]></sETC2>
							<sETC3><![CDATA[테스트7]]></sETC3>
							<sETC4><![CDATA[2496]]></sETC4>
							<sETC5><![CDATA[7803]]></sETC5>
							<sETC6><![CDATA[4238]]></sETC6>
							<sETC7><![CDATA[480]]></sETC7>
							<sETC8><![CDATA[1715]]></sETC8>
							<sETC9><![CDATA[7313]]></sETC9>
							<sETC10><![CDATA[37]]></sETC10>
							<sETC11><![CDATA[909]]></sETC11>
							<sETC12><![CDATA[1128]]></sETC12>
							<sETC13><![CDATA[7955]]></sETC13>
							<sETC14><![CDATA[6232]]></sETC14>
							<sETC15><![CDATA[5979]]></sETC15>
							<sETC16><![CDATA[4010]]></sETC16>
							<sETC17><![CDATA[661]]></sETC17>
						</w2:row>
						<w2:row>
							<sDate><![CDATA[20010505]]></sDate>
							<nDateType><![CDATA[1]]></nDateType>
							<sDesc><![CDATA[어린이날]]></sDesc>
							<sETC1><![CDATA[2007]]></sETC1>
							<sETC2><![CDATA[100-055-564]]></sETC2>
							<sETC3><![CDATA[테스트8]]></sETC3>
							<sETC4><![CDATA[9071]]></sETC4>
							<sETC5><![CDATA[451]]></sETC5>
							<sETC6><![CDATA[9995]]></sETC6>
							<sETC7><![CDATA[7544]]></sETC7>
							<sETC8><![CDATA[5112]]></sETC8>
							<sETC9><![CDATA[656]]></sETC9>
							<sETC10><![CDATA[5586]]></sETC10>
							<sETC11><![CDATA[2766]]></sETC11>
							<sETC12><![CDATA[4456]]></sETC12>
							<sETC13><![CDATA[2006]]></sETC13>
							<sETC14><![CDATA[1527]]></sETC14>
							<sETC15><![CDATA[7023]]></sETC15>
							<sETC16><![CDATA[3090]]></sETC16>
							<sETC17><![CDATA[6084]]></sETC17>
						</w2:row>
						<w2:row>
							<sDate><![CDATA[20010526]]></sDate>
							<nDateType><![CDATA[1]]></nDateType>
							<sDesc><![CDATA[석가탄신일]]></sDesc>
							<sETC1><![CDATA[2008]]></sETC1>
							<sETC2><![CDATA[100-055-564]]></sETC2>
							<sETC3><![CDATA[테스트9]]></sETC3>
							<sETC4><![CDATA[9246]]></sETC4>
							<sETC5><![CDATA[8660]]></sETC5>
							<sETC6><![CDATA[9141]]></sETC6>
							<sETC7><![CDATA[5499]]></sETC7>
							<sETC8><![CDATA[838]]></sETC8>
							<sETC9><![CDATA[9253]]></sETC9>
							<sETC10><![CDATA[5814]]></sETC10>
							<sETC11><![CDATA[1484]]></sETC11>
							<sETC12><![CDATA[184]]></sETC12>
							<sETC13><![CDATA[8411]]></sETC13>
							<sETC14><![CDATA[4523]]></sETC14>
							<sETC15><![CDATA[6638]]></sETC15>
							<sETC16><![CDATA[708]]></sETC16>
							<sETC17><![CDATA[1025]]></sETC17>
						</w2:row>
						<w2:row>
							<sDate><![CDATA[20010606]]></sDate>
							<nDateType><![CDATA[1]]></nDateType>
							<sDesc><![CDATA[현충일]]></sDesc>
							<sETC1><![CDATA[2009]]></sETC1>
							<sETC2><![CDATA[100-055-564]]></sETC2>
							<sETC3><![CDATA[테스트10]]></sETC3>
							<sETC4><![CDATA[4474]]></sETC4>
							<sETC5><![CDATA[6738]]></sETC5>
							<sETC6><![CDATA[7474]]></sETC6>
							<sETC7><![CDATA[5972]]></sETC7>
							<sETC8><![CDATA[6922]]></sETC8>
							<sETC9><![CDATA[8437]]></sETC9>
							<sETC10><![CDATA[6580]]></sETC10>
							<sETC11><![CDATA[5061]]></sETC11>
							<sETC12><![CDATA[7428]]></sETC12>
							<sETC13><![CDATA[1581]]></sETC13>
							<sETC14><![CDATA[9913]]></sETC14>
							<sETC15><![CDATA[2503]]></sETC15>
							<sETC16><![CDATA[9032]]></sETC16>
							<sETC17><![CDATA[5205]]></sETC17>
						</w2:row>
					</w2:data>
				</w2:dataList>
				<w2:dataList baseNode="list" id="dataList2" style="" saveRemovedData="true" repeatNode="map">
				</w2:dataList>
			</w2:dataCollection>
			<xf:submission id="submission1" ref="" target="" action="" method="post" mediatype="" encoding="UTF-8" instance=""
				replace="" errorHandler="" customHandler="" mode="asynchronous" processMsg="조회중입니다." ev:submitdone="scwin.submission1_submitdone">
			</xf:submission>
		</xf:model>
		<script type="text/javascript" lazy="false"><![CDATA[
	var before1 = null;
	var xxx;
       
	scwin.onpageload = function() {
		radio1.setValue("array");
	};
	
	scwin.onpageunload = function() {
		
	}; 
        
	scwin.submission1_submitdone = function(e) {
		var after = (new Date()).getTime();
		var transTime = after - before1;
		
		var resJson = e.responseJSON;
		
		//xxx = resJson.infoList;
		
		if( radio1.getValue() == "json" ) {
			//infoList.setJSON(resJson.infoList);
			infoList.setJSON(resJson.infoList, true);
		}else if( radio1.getValue() == "array" ){
			infoList.setData(resJson);
		}
		
		var after1 = (new Date()).getTime();
		
		var tempTime = after1 - after;
		$p.log( this.action+ "\t데이타 전송:\t" + transTime + "ms"  + ", 랜더링:\t" + tempTime + "ms, 전체:\t" + ( transTime + tempTime ) + "ms" );
		console.log( this.action+ "\t데이타 전송:\t" + transTime + "ms"  + ", 랜더링:\t" + tempTime + "ms, 전체:\t" + ( transTime + tempTime ) + "ms" );		
	};
	
	scwin.trigger9_onclick = function(e) {
		var submission = $p.getSubmission( "submission1" );
		submission.mediatype = "application/json";
		
		if( radio1.getValue() == "array" ) {
			submission.action = "./data/arrayData100.json";		//array
		}else if( radio1.getValue() == "json" ){
			submission.action = "./data/jsonData100.json";		//json
		}		
		
		before1 = ( new Date() ).getTime();
		$p.executeSubmission( "submission1" );
	};
	
	scwin.gridView1_onscrollend = function() {
		console.log("onscrollend"+ infoList.getTotalRow());
		if(infoList.getTotalRow() % 100 == 0 ) $p.executeSubmission( "submission1" );
	};
	]]></script>
	</head>
	<body ev:onpageload="scwin.onpageload" ev:onpageunload="scwin.onpageunload">
		<xf:group id="group1" style="position: relative ;left: 0px;top: 0px;height:27px;">
			<xf:trigger id="trigger9" style="position: relative ;left: 0px;top: 0px;width:94px;height: 27px;float:left;" type="button"
				ev:onclick="scwin.trigger9_onclick">
				<xf:label><![CDATA[조회]]></xf:label>
			</xf:trigger>
			<xf:select1 id="radio1" selectedIndex="-1" appearance="full" style="width: 150px;height: 21px;" cols="2" rows="" ref="">
				<xf:choices>
					<xf:item>
						<xf:label><![CDATA[array]]></xf:label>
						<xf:value><![CDATA[array]]></xf:value>
					</xf:item>
					<xf:item>
						<xf:label><![CDATA[json]]></xf:label>
						<xf:value><![CDATA[json]]></xf:value>
					</xf:item>
				</xf:choices>
			</xf:select1>
		</xf:group>
		<xf:group id="group2" style="position: relative ;left: 0px;top: 0px;height:27px;">
		</xf:group>
		<w2:gridView dataList="infoList" scrollByColumn="false" id="gridView1"
			style="position: relative ;left: 0px;top: 0px;width:100.0%;height:215px;float:left;" fixedColumnWithHidden="true" useShiftKey="true"
			loadCount="1" rowStatusVisible="" rowNumVisible="true" ev:onscrollend="scwin.gridView1_onscrollend">
			<w2:header id="header1" style="">
				<w2:row id="row1" style="">
					<w2:column blockSelect="false" id="column39" style="height:20px" inputType="text" width="70" value="sDate">
					</w2:column>
					<w2:column blockSelect="false" id="column37" style="height:20px" inputType="text" width="70" value="nDateType">
					</w2:column>
					<w2:column blockSelect="false" id="column35" style="height:20px" inputType="text" width="70" value="sDesc">
					</w2:column>
					<w2:column blockSelect="false" id="column33" style="height:20px" inputType="text" width="70" value="sETC1">
					</w2:column>
					<w2:column blockSelect="false" id="column31" style="height:20px" inputType="text" width="70" value="sETC2">
					</w2:column>
					<w2:column blockSelect="false" id="column29" style="height:20px" inputType="text" width="70" value="sETC3">
					</w2:column>
					<w2:column blockSelect="false" id="column27" style="height:20px" inputType="text" width="70" value="sETC4">
					</w2:column>
					<w2:column blockSelect="false" id="column25" style="height:20px" inputType="text" width="70" value="sETC5">
					</w2:column>
					<w2:column blockSelect="false" id="column23" style="height:20px" inputType="text" width="70" value="sETC6">
					</w2:column>
					<w2:column blockSelect="false" id="column21" style="height:20px" inputType="text" width="70" value="sETC7">
					</w2:column>
					<w2:column blockSelect="false" id="column19" style="height:20px" inputType="text" width="70" value="sETC8">
					</w2:column>
					<w2:column blockSelect="false" id="column17" style="height:20px" inputType="text" width="70" value="sETC9">
					</w2:column>
					<w2:column blockSelect="false" id="column15" style="height:20px" inputType="text" width="70" value="sETC10">
					</w2:column>
					<w2:column blockSelect="false" id="column13" style="height:20px" inputType="text" width="70" value="sETC11">
					</w2:column>
					<w2:column blockSelect="false" id="column11" style="height:20px" inputType="text" width="70" value="sETC12">
					</w2:column>
					<w2:column blockSelect="false" id="column9" style="height:20px" inputType="text" width="70" value="sETC13">
					</w2:column>
					<w2:column blockSelect="false" id="column7" style="height:20px" inputType="text" width="70" value="sETC14">
					</w2:column>
					<w2:column blockSelect="false" id="column5" style="height:20px" inputType="text" width="70" value="sETC15">
					</w2:column>
					<w2:column blockSelect="false" id="column3" style="height:20px" inputType="text" width="70" value="sETC16">
					</w2:column>
					<w2:column blockSelect="false" id="column1" style="height:20px" width="70" inputType="text" value="sETC17">
					</w2:column>
				</w2:row>
			</w2:header>
			<w2:gBody id="gBody1" style="">
				<w2:row id="row2" style="">
					<w2:column blockSelect="false" id="sDate" style="height:20px" inputType="text" width="70">
					</w2:column>
					<w2:column blockSelect="false" id="nDateType" style="height:20px" inputType="text" width="70">
					</w2:column>
					<w2:column blockSelect="false" id="sDesc" style="height:20px" inputType="text" width="70">
					</w2:column>
					<w2:column blockSelect="false" id="sETC1" style="height:20px" inputType="text" width="70">
					</w2:column>
					<w2:column blockSelect="false" id="sETC2" style="height:20px" inputType="text" width="70">
					</w2:column>
					<w2:column blockSelect="false" id="sETC3" style="height:20px" inputType="text" width="70">
					</w2:column>
					<w2:column blockSelect="false" id="sETC4" style="height:20px" inputType="text" width="70">
					</w2:column>
					<w2:column blockSelect="false" id="sETC5" style="height:20px" inputType="text" width="70">
					</w2:column>
					<w2:column blockSelect="false" id="sETC6" style="height:20px" inputType="text" width="70">
					</w2:column>
					<w2:column blockSelect="false" id="sETC7" style="height:20px" inputType="text" width="70">
					</w2:column>
					<w2:column blockSelect="false" id="sETC8" style="height:20px" inputType="text" width="70">
					</w2:column>
					<w2:column blockSelect="false" id="sETC9" style="height:20px" inputType="text" width="70">
					</w2:column>
					<w2:column blockSelect="false" id="sETC10" style="height:20px" inputType="text" width="70">
					</w2:column>
					<w2:column blockSelect="false" id="sETC11" style="height:20px" inputType="text" width="70">
					</w2:column>
					<w2:column blockSelect="false" id="sETC12" style="height:20px" inputType="text" width="70">
					</w2:column>
					<w2:column blockSelect="false" id="sETC13" style="height:20px" inputType="text" width="70">
					</w2:column>
					<w2:column blockSelect="false" id="sETC14" style="height:20px" inputType="text" width="70">
					</w2:column>
					<w2:column blockSelect="false" id="sETC15" style="height:20px" inputType="text" width="70">
					</w2:column>
					<w2:column blockSelect="false" id="sETC16" style="height:20px" inputType="text" width="70">
					</w2:column>
					<w2:column blockSelect="false" id="sETC17" style="height:20px" width="70" inputType="text">
					</w2:column>
				</w2:row>
			</w2:gBody>
		</w2:gridView>
	</body>
</html>
