<?xml version="1.0" encoding="UTF-8"?>
<html xmlns="http://www.w3.org/1999/xhtml" xmlns:ev="http://www.w3.org/2001/xml-events" xmlns:w2="http://www.inswave.com/websquare"
	xmlns:xf="http://www.w3.org/2002/xforms">
	<head>
		<w2:type>DEFAULT</w2:type>
		<w2:buildDate />
		<xf:model>
			<xf:instance>
				<data xmlns="" />
			</xf:instance>
			<w2:dataCollection baseNode="map">
				<w2:dataList baseNode="list" id="dataList1" style="" saveRemovedData="true" repeatNode="map">
					<w2:columnInfo>
						<w2:column id="target" name="target" dataType="text"></w2:column>
						<w2:column id="value" name="value" dataType="text"></w2:column>
					</w2:columnInfo>
					<w2:data use="true">
						<w2:row>
							<target><![CDATA[80]]></target>
							<value><![CDATA[40]]></value>
						</w2:row>
						<w2:row>
							<target><![CDATA[90]]></target>
							<value><![CDATA[60]]></value>
						</w2:row>
						<w2:row>
							<target><![CDATA[100]]></target>
							<value><![CDATA[70]]></value>
						</w2:row>
						<w2:row>
							<target><![CDATA[110]]></target>
							<value><![CDATA[80]]></value>
						</w2:row>
						<w2:row>
							<target><![CDATA[115]]></target>
							<value><![CDATA[90]]></value>
						</w2:row>
					</w2:data>
				</w2:dataList>
				<w2:dataList baseNode="list" id="dataList2" style="" saveRemovedData="true" repeatNode="map">
					<w2:columnInfo>
						<w2:column id="target" name="target" dataType="text"></w2:column>
						<w2:column id="value" name="value" dataType="text"></w2:column>
					</w2:columnInfo>
				</w2:dataList>
			</w2:dataCollection>
		</xf:model>
		<script type="text/javascript" lazy="false"><![CDATA[
        
		scwin.onpageload = function() {
			var data = [{"target":"70","value":"30"},{"target":"110","value":"40"}];
			dataList2.setJSON(data);			
		};
		
		scwin.onpageunload = function() {
			
		};
         ]]></script>
	</head>
	<body ev:onpageload="scwin.onpageload" ev:onpageunload="scwin.onpageunload">
		<xf:group class="" id="group1" style="position: relative ;border: 1px solid black;top:15px;left:20px;width:98%;height:100%">
			<w2:textbox id="textbox6" label="fwBulletChart"
				style="position: relative;height: 31px;color:white;font-size:30px;background:#4272d4;width: 100%;border:1px solid #d4d4d4;font-weight:bold;">
			</w2:textbox>
			<xf:group id="group11" style="height:360px;">
				<xf:group id="group2" style="position: relative ;width:30%;height:90%;float:left;" class="">
					<w2:textbox id="textbox4"
						style="position: relative;height: 5%;color:black;font-size:13px;background:#aaaaaa;width: 100%;font-weight:bold;border:1px solid #d4d4d4;"
						label="dataList">
					</w2:textbox>
					<w2:gridView dataList="dataList1" scrollByColumn="false" id="gridView1" style="width:204px;height:136px;"
						fixedColumnWithHidden="true" useShiftKey="true">
						<w2:header id="header1" style="">
							<w2:row id="row2" style="">
								<w2:column blockSelect="false" id="column7" style="height:20px" inputType="text" width="70"
									value="target">
								</w2:column>
								<w2:column blockSelect="false" id="column3" style="height:20px" width="70" inputType="text" value="value"></w2:column>
							</w2:row>
						</w2:header>
						<w2:gBody id="gBody4" style="">
							<w2:row id="row5" style="">
								<w2:column blockSelect="false" id="target" style="height:20px" inputType="text" width="70"></w2:column>
								<w2:column blockSelect="false" id="value" style="height:20px" width="70" inputType="text"></w2:column>
							</w2:row>
						</w2:gBody>
					</w2:gridView>
				</xf:group>
				<xf:group id="group3" style="position: relative ;width:70%;height:90%;float:left;" class="">
					<w2:textbox id="textbox5"
						style="position: relative;height: 5%;color:black;font-size:13px;background:#aaaaaa;width: 100%;font-weight:bold;border:1px solid #d4d4d4;"
						label="hfwBulletChart">
					</w2:textbox>
					<w2:fwBulletChart id="fwBulletChart1" ref="data:dataList1" style="width: 300px;height: 80px;" chartType="hbullet" targetNode="target" valueNode="value">
					</w2:fwBulletChart>
				</xf:group>
			</xf:group>
			<xf:group id="group12" style="height:360px;">
				<xf:group class="" id="group13" style="position: relative ;width:30%;height:90%;float:left;">
					<w2:textbox id="textbox1" label="dataList"
						style="position: relative;height: 5%;color:black;font-size:13px;background:#aaaaaa;width: 100%;font-weight:bold;border:1px solid #d4d4d4;">
					</w2:textbox>
					<w2:gridView dataList="dataList2" scrollByColumn="false" id="gridView2" style="width:214px;height:109px;"
						fixedColumnWithHidden="true" useShiftKey="true">
						<w2:header id="header1" style="">
							<w2:row id="row2" style="">
								<w2:column blockSelect="false" id="column7" style="height:20px" inputType="text" width="70"
									value="target">
								</w2:column>
								<w2:column blockSelect="false" id="column3" style="height:20px" width="70" inputType="text" value="value"></w2:column>
							</w2:row>
						</w2:header>
						<w2:gBody id="gBody4" style="">
							<w2:row id="row5" style="">
								<w2:column blockSelect="false" id="target" style="height:20px" inputType="text" width="70"></w2:column>
								<w2:column blockSelect="false" id="value" style="height:20px" width="70" inputType="text"></w2:column>
							</w2:row>
						</w2:gBody>
					</w2:gridView>
				</xf:group>
				<xf:group class="" id="group14" style="position: relative ;width:70%;height:90%;float:left;">
					<w2:textbox id="textbox2" label="vfwBulletChart"
						style="position: relative;height: 5%;color:black;font-size:13px;background:#aaaaaa;width: 100%;font-weight:bold;border:1px solid #d4d4d4;">
					</w2:textbox>
					<w2:fwBulletChart id="fwBulletChart2" ref="data:dataList2" style="width: 80px;height: 250px;" chartType="vbullet" targetNode="target" valueNode="value">
					</w2:fwBulletChart>
				</xf:group>
			</xf:group>
		</xf:group>
	</body>
</html>