<?xml version="1.0" encoding="UTF-8" standalone="no"?>
<html xmlns="http://www.w3.org/1999/xhtml" xmlns:ev="http://www.w3.org/2001/xml-events" xmlns:w2="http://www.inswave.com/websquare"
	xmlns:xf="http://www.w3.org/2002/xforms">
	<head>
		<w2:type>DEFAULT</w2:type>
		<w2:buildDate />
		<xf:model>
			<xf:instance>
				<data xmlns="" />
			</xf:instance>
			<w2:dataCollection baseNode="map">
				<w2:dataList baseNode="list" id="dataList1" style="" saveRemovedData="true" repeatNode="map">
					<w2:columnInfo>
						<w2:column id="processes" name="processes" dataType="text"></w2:column>
						<w2:column id="tasks" name="tasks" dataType="text"></w2:column>
						<w2:column id="startTime" name="startTime" dataType="text"></w2:column>
						<w2:column id="endTime" name="endTime" dataType="text"></w2:column>
					</w2:columnInfo>
					<w2:data use="true">
						<w2:row>
							<processes><![CDATA[tom]]></processes>
							<tasks><![CDATA[cook]]></tasks>
							<startTime><![CDATA[2015/05/07 08:30:00]]></startTime>
							<endTime><![CDATA[2015/05/07 10:00:00]]></endTime>
						</w2:row>
						<w2:row>
							<processes><![CDATA[endy]]></processes>
							<tasks><![CDATA[game]]></tasks>
							<startTime><![CDATA[2015/05/07 09:00:00]]></startTime>
							<endTime><![CDATA[2015/05/07 11:00:00]]></endTime>
						</w2:row>
						<w2:row>
							<processes><![CDATA[eric]]></processes>
							<tasks><![CDATA[walk]]></tasks>
							<startTime><![CDATA[2015/05/07 12:00:00]]></startTime>
							<endTime><![CDATA[2015/05/07 13:00:00]]></endTime>
						</w2:row>
						<w2:row>
							<processes><![CDATA[mike]]></processes>
							<tasks><![CDATA[homework]]></tasks>
							<startTime><![CDATA[2015/05/07 16:00:00]]></startTime>
							<endTime><![CDATA[2015/05/07 17:00:00]]></endTime>
						</w2:row>
						<w2:row>
							<processes><![CDATA[tom]]></processes>
							<tasks><![CDATA[game]]></tasks>
							<startTime><![CDATA[2015/05/08 16:00:00]]></startTime>
							<endTime><![CDATA[2015/05/08 17:00:00]]></endTime>
						</w2:row>
						<w2:row>
							<processes><![CDATA[endy]]></processes>
							<tasks><![CDATA[walk]]></tasks>
							<startTime><![CDATA[2015/05/08 09:00:00]]></startTime>
							<endTime><![CDATA[2015/05/08 11:00:00]]></endTime>
						</w2:row>
						<w2:row>
							<processes><![CDATA[eric]]></processes>
							<tasks><![CDATA[cook]]></tasks>
							<startTime><![CDATA[2015/05/08 12:00:00]]></startTime>
							<endTime><![CDATA[2015/05/08 13:00:00]]></endTime>
						</w2:row>
						<w2:row>
							<processes><![CDATA[mike]]></processes>
							<tasks><![CDATA[homework]]></tasks>
							<startTime><![CDATA[2015/05/08 14:00:00]]></startTime>
							<endTime><![CDATA[2015/05/08 15:00:00]]></endTime>
						</w2:row>
					</w2:data>
				</w2:dataList>
				<w2:dataList baseNode="list" id="dataList2" style="" saveRemovedData="true" repeatNode="map">
					<w2:columnInfo>
						<w2:column id="processes" name="processes" dataType="text"></w2:column>
						<w2:column id="taskid" name="taskid" dataType="text"></w2:column>
						<w2:column id="tasks" name="tasks" dataType="text"></w2:column>
						<w2:column id="startTime" name="startTime" dataType="text"></w2:column>
						<w2:column id="endTime" name="endTime" dataType="text"></w2:column>
					</w2:columnInfo>
					<w2:data use="true">
						<w2:row>
							
							<processes><![CDATA[John S]]></processes>
							<taskid><![CDATA[1]]></taskid>
							<tasks><![CDATA[Logo-I]]></tasks>
							<startTime><![CDATA[07/21/2014 09:30:00]]></startTime>
							<endTime><![CDATA[07/21/2014 17:00:00]]></endTime>
						</w2:row>
						<w2:row>
							
							<processes><![CDATA[John S]]></processes>
							<taskid><![CDATA[2]]></taskid>
							<tasks><![CDATA[Logo-II]]></tasks>
							<startTime><![CDATA[07/22/2014 09:30:00]]></startTime>
							<endTime><![CDATA[07/22/2014 16:30:00]]></endTime>
						</w2:row>
						<w2:row>
							
							<processes><![CDATA[John S]]></processes>
							<taskid><![CDATA[3]]></taskid>
							<tasks><![CDATA[website template]]></tasks>
							<startTime><![CDATA[07/23/2014 14:00:00]]></startTime>
							<endTime><![CDATA[07/23/2014 16:30:00]]></endTime>
						</w2:row>
						<w2:row>
							
							<processes><![CDATA[David G]]></processes>
							<taskid><![CDATA[4]]></taskid>
							<tasks><![CDATA[PHP Blueprint]]></tasks>
							<startTime><![CDATA[07/21/2014 10:00:00]]></startTime>
							<endTime><![CDATA[07/25/2014 14:30:00]]></endTime>
						</w2:row>
						<w2:row>
							
							<processes><![CDATA[Mary P]]></processes>
							<taskid><![CDATA[5]]></taskid>
							<tasks><![CDATA[Testing Specification]]></tasks>
							<startTime><![CDATA[07/21/2014 10:00:00]]></startTime>
							<endTime><![CDATA[07/21/2014 15:30:00]]></endTime>
						</w2:row>
						<w2:row>
							
							<processes><![CDATA[Mary P]]></processes>
							<taskid><![CDATA[6]]></taskid>
							<tasks><![CDATA[Testing tool research]]></tasks>
							<endTime><![CDATA[07/22/2014 16:00:00]]></endTime>
							<startTime><![CDATA[07/22/2014 09:30:00]]></startTime>
						</w2:row>
						<w2:row>
							
							<processes><![CDATA[Mary P]]></processes>
							<taskid><![CDATA[7]]></taskid>
							<tasks><![CDATA[Testing tool integration]]></tasks>
							<startTime><![CDATA[07/23/2014 09:30:00]]></startTime>
							<endTime><![CDATA[07/25/2014 16:30:00]]></endTime>
						</w2:row>
						<w2:row>
							
							<processes><![CDATA[Andrew H]]></processes>
							<taskid><![CDATA[8]]></taskid>
							<tasks><![CDATA[QA]]></tasks>
							<startTime><![CDATA[07/22/2014 09:30:00]]></startTime>
							<endTime><![CDATA[07/22/2014 16:30:00]]></endTime>
						</w2:row>
						<w2:row>
							
							<processes><![CDATA[Andrew H]]></processes>
							<taskid><![CDATA[9]]></taskid>
							<tasks><![CDATA[QA]]></tasks>
							<endTime><![CDATA[07/23/2014 16:30:00]]></endTime>
							<startTime><![CDATA[07/23/2014 09:00:00]]></startTime>
						</w2:row>
						<w2:row>
							
							<processes><![CDATA[Andrew H]]></processes>
							<taskid><![CDATA[10]]></taskid>
							<tasks><![CDATA[QA]]></tasks>
							<endTime><![CDATA[07/25/2014 14:30:00]]></endTime>
							<startTime><![CDATA[07/24/2014 09:30:00]]></startTime>
						</w2:row>
						<w2:row>
							
							<processes><![CDATA[Neil M]]></processes>
							<taskid><![CDATA[11]]></taskid>
							<startTime><![CDATA[07/25/2014 15:00:00]]></startTime>
							<tasks><![CDATA[Weekly Meet]]></tasks>
							<endTime><![CDATA[07/25/2014 16:59:00]]></endTime>
						</w2:row>
					</w2:data>
				</w2:dataList>
			</w2:dataCollection>
		</xf:model>
		<script type="text/javascript" lazy="false"><![CDATA[
        
		scwin.onpageload = function() {
			
		};
		
		scwin.onpageunload = function() {
			
		};
		]]></script>
	</head>
	<body ev:onpageload="scwin.onpageload" ev:onpageunload="scwin.onpageunload">
		<xf:group class="" id="group1" style="position: relative ;border: 1px solid black;top:15px;left:20px;width:98%;height:400px;">
			<w2:textbox id="textbox6" label="fwGanttChart (timeBase:datetime)"
				style="position: relative;height: 32px;color:white;font-size:30px;background:#4272d4;width: 100%;border:1px solid #d4d4d4;font-weight:bold;">
			</w2:textbox>
			<xf:group id="group12" style="height:400px;">
				<xf:group class="" id="group13" style="position: relative ;width:30%;height:90%;float:left;">
					<w2:textbox id="textbox1" label="dateformat : yyyy/mm/dd hh:mm:ss"
						style="position: relative;height: 13px;color:black;font-size:13px;background:#aaaaaa;width: 100%;font-weight:bold;border:1px solid #d4d4d4;">
					</w2:textbox>
					<w2:gridView dataList="dataList1" scrollByColumn="false" id="gridView4" style="height:300px;"
						fixedColumnWithHidden="true" useShiftKey="true" autoFit="allColumn">
						<w2:header id="header1" style="">
							<w2:row id="row2" style="">
								<w2:column blockSelect="false" id="column11" style="height:20px" inputType="text" width="70"
									value="processes">
								</w2:column>
								<w2:column blockSelect="false" id="column9" style="height:20px" inputType="text" width="70" value="tasks"></w2:column>
								<w2:column blockSelect="false" id="column7" style="height:20px" inputType="text" width="70"
									value="startTime">
								</w2:column>
								<w2:column blockSelect="false" id="column3" style="height:20px" width="70" inputType="text"
									value="endTime">
								</w2:column>
							</w2:row>
						</w2:header>
						<w2:gBody id="gBody4" style="">
							<w2:row id="row5" style="">
								<w2:column blockSelect="false" id="processes" style="height:20px" inputType="text" width="70"></w2:column>
								<w2:column blockSelect="false" id="tasks" style="height:20px" inputType="text" width="70"></w2:column>
								<w2:column blockSelect="false" id="startTime" style="height:20px" inputType="text" width="70"></w2:column>
								<w2:column blockSelect="false" id="endTime" style="height:20px" width="70" inputType="text"></w2:column>
							</w2:row>
						</w2:gBody>
					</w2:gridView>
				</xf:group>
				<xf:group class="" id="group14" style="position: relative ;width:70%;height:90%;float:left;">
					<w2:textbox id="textbox2" label="fwGanttChart"
						style="position: relative;height: 13px;color:black;font-size:13px;background:#aaaaaa;width: 100%;font-weight:bold;border:1px solid #d4d4d4;">
					</w2:textbox>
					<w2:fwGanttChart id="fwGanttChart1" processNode="processes" ref="data:dataList1" taskNode="tasks"
						style="width: 415px;height: 297px;" startDateNode="startTime" endDateNode="endTime" timeBase="dateTime" timeGap="12" seperator="~" dateformat="yyyy/mm/dd" categoryDepth="2">
					</w2:fwGanttChart>
				</xf:group>
			</xf:group>
			<xf:group id="group36" style="height:400px;">
				<xf:group class="" id="group37" style="position: relative ;width:30%;height:90%;float:left;">
					<w2:textbox id="textbox21" label=""
						style="position: relative;height: 13px;color:black;font-size:13px;background:#aaaaaa;width: 100%;font-weight:bold;border:1px solid #d4d4d4;">
					</w2:textbox>
					<w2:gridView autoFit="allColumn" dataList="dataList2" fixedColumnWithHidden="true" id="gridView10"
						scrollByColumn="false" style="height:300px;" useShiftKey="true">
						<w2:header id="header1" style="">
							<w2:row id="row2" style="">
								<w2:column blockSelect="false" id="column13" style="height:20px" inputType="text" width="70"
									value="processes">
								</w2:column>
								<w2:column blockSelect="false" id="column11" style="height:20px" inputType="text" width="70"
									value="taskid">
								</w2:column>
								<w2:column blockSelect="false" id="column9" style="height:20px" inputType="text" width="70" value="tasks"></w2:column>
								<w2:column blockSelect="false" id="column7" style="height:20px" inputType="text" width="70"
									value="startTime">
								</w2:column>
								<w2:column blockSelect="false" id="column3" style="height:20px" width="70" inputType="text"
									value="endTime">
								</w2:column>
							</w2:row>
						</w2:header>
						<w2:gBody id="gBody4" style="">
							<w2:row id="row5" style="">
								<w2:column blockSelect="false" id="processes" style="height:20px" inputType="text" width="70"></w2:column>
								<w2:column blockSelect="false" id="taskid" style="height:20px" inputType="text" width="70"></w2:column>
								<w2:column blockSelect="false" id="tasks" style="height:20px" inputType="text" width="70"></w2:column>
								<w2:column blockSelect="false" id="startTime" style="height:20px" inputType="text" width="70"></w2:column>
								<w2:column blockSelect="false" id="endTime" style="height:20px" width="70" inputType="text"></w2:column>
							</w2:row>
						</w2:gBody>
					</w2:gridView>
				</xf:group>
				<xf:group class="" id="group38" style="position: relative ;width:70%;height:90%;float:left;">
					<w2:textbox id="textbox22" label="fwGanttChart"
						style="position: relative;height: 13px;color:black;font-size:13px;background:#aaaaaa;width: 100%;font-weight:bold;border:1px solid #d4d4d4;">
					</w2:textbox>
					<w2:fwGanttChart startDateNode="startTime" endDateNode="endTime" dateformat="mm/dd/yyyy" id="ganntChart2" processNode="processes" ref="data:dataList2"
						style="width: 615px;height: 297px;" taskNode="tasks" timeBase="dateTime" timeGap="24" taskIdNode="taskid" categoryDepth="2">
					</w2:fwGanttChart>
				</xf:group>
			</xf:group>
		</xf:group>
	</body>
</html>