<?xml version="1.0" encoding="UTF-8" standalone="no"?>
<html xmlns="http://www.w3.org/1999/xhtml" xmlns:ev="http://www.w3.org/2001/xml-events" xmlns:w2="http://www.inswave.com/websquare"
	xmlns:xf="http://www.w3.org/2002/xforms">
	<head>
		<w2:type>DEFAULT</w2:type>
		<w2:buildDate />
		<xf:model>
			<xf:instance>
				<data xmlns="" />
			</xf:instance>
			<w2:dataCollection baseNode="map">
				<w2:dataList baseNode="list" id="dataList7" repeatNode="map" saveRemovedData="true" style="">
					<w2:columnInfo>
						<w2:column dataType="text" id="processes" name="processes"></w2:column>
						<w2:column dataType="text" id="task_id" name="taskID"></w2:column>
						<w2:column dataType="text" id="tasks" name="tasks"></w2:column>
						<w2:column dataType="text" id="startDate" name="startDate"></w2:column>
						<w2:column dataType="text" id="endDate" name="endDate"></w2:column>
					</w2:columnInfo>
					<w2:data use="true">
						<w2:row>
							<processes><![CDATA[Terrace]]></processes>
							<task_id><![CDATA[5-1]]></task_id>

							<tasks><![CDATA[Planned]]></tasks>
							<startDate><![CDATA[05/05/2014]]></startDate>
							<endDate><![CDATA[02/06/2014]]></endDate>
						</w2:row>
						<w2:row>

							<processes><![CDATA[Terrace]]></processes>
							<task_id><![CDATA[5]]></task_id>
							<tasks><![CDATA[Actual]]></tasks>
							<startDate><![CDATA[10/05/2014]]></startDate>
							<endDate><![CDATA[02/06/2014]]></endDate>
						</w2:row>
						<w2:row>

							<processes><![CDATA[Terrace]]></processes>
							<task_id><![CDATA[5-2]]></task_id>
							<tasks><![CDATA[test]]></tasks>
							<startDate><![CDATA[14/05/2014]]></startDate>
							<endDate><![CDATA[03/06/2014]]></endDate>
						</w2:row>
						<w2:row>

							<processes><![CDATA[Plumbing]]></processes>
							<task_id><![CDATA[6-1]]></task_id>
							<tasks><![CDATA[Planned]]></tasks>
							<startDate><![CDATA[11/05/2014]]></startDate>
							<endDate><![CDATA[12/06/2014]]></endDate>
						</w2:row>
						<w2:row>

							<processes><![CDATA[Plumbing]]></processes>
							<task_id><![CDATA[6]]></task_id>
							<tasks><![CDATA[Actual]]></tasks>
							<startDate><![CDATA[13/05/2014]]></startDate>
							<endDate><![CDATA[12/06/2014]]></endDate>
						</w2:row>
						<w2:row>

							<processes><![CDATA[Plumbing]]></processes>
							<task_id><![CDATA[6-2]]></task_id>
							<tasks><![CDATA[test]]></tasks>
							<startDate><![CDATA[17/05/2014]]></startDate>
							<endDate><![CDATA[13/06/2014]]></endDate>
						</w2:row>
						<w2:row>

							<processes><![CDATA[Wood Work]]></processes>
							<task_id><![CDATA[7-1]]></task_id>
							<tasks><![CDATA[Planned]]></tasks>
							<startDate><![CDATA[01/06/2014]]></startDate>
							<endDate><![CDATA[12/07/2014]]></endDate>
						</w2:row>
						<w2:row>

							<processes><![CDATA[Wood Work]]></processes>
							<task_id><![CDATA[7]]></task_id>
							<tasks><![CDATA[Actual]]></tasks>
							<startDate><![CDATA[02/06/2014]]></startDate>
							<endDate><![CDATA[19/07/2014]]></endDate>
						</w2:row>
						<w2:row>
							<processes><![CDATA[Wood Work]]></processes>
							<task_id><![CDATA[7-2]]></task_id>
							<tasks><![CDATA[test]]></tasks>
							<startDate><![CDATA[06/06/2014]]></startDate>
							<endDate><![CDATA[25/07/2014]]></endDate>
						</w2:row>
						<w2:row>
							<processes><![CDATA[Interiors]]></processes>
							<task_id><![CDATA[8-1]]></task_id>
							<tasks><![CDATA[Planned]]></tasks>
							<startDate><![CDATA[01/06/2014]]></startDate>
							<endDate><![CDATA[12/08/2014]]></endDate>
						</w2:row>
						<w2:row>
							<processes><![CDATA[Interiors]]></processes>
							<task_id><![CDATA[8]]></task_id>
							<tasks><![CDATA[Actual]]></tasks>
							<startDate><![CDATA[01/06/2014]]></startDate>
							<endDate><![CDATA[19/08/2014]]></endDate>
						</w2:row>
						<w2:row>
							<processes><![CDATA[Interiors]]></processes>
							<task_id><![CDATA[8-2]]></task_id>
							<tasks><![CDATA[test]]></tasks>
							<endDate><![CDATA[25/08/2014]]></endDate>
							<startDate><![CDATA[03/06/2014]]></startDate>
						</w2:row>
					</w2:data>
				</w2:dataList>
			</w2:dataCollection>
		</xf:model>
		<script type="text/javascript" lazy="false"><![CDATA[
        
		scwin.onpageload = function() {
			
		};
		
		scwin.onpageunload = function() {
			
		};
		
		]]></script>
	</head>
	<body ev:onpageload="scwin.onpageload" ev:onpageunload="scwin.onpageunload">
		<xf:group class="" id="group1" style="position: relative ;border: 1px solid black;top:15px;left:20px;width:98%;height:400px;">
			<w2:textbox id="textbox6" label="fwGanttChart (timeBase:date)"
				style="position: relative;height: 32px;color:white;font-size:30px;background:#4272d4;width: 100%;border:1px solid #d4d4d4;font-weight:bold;">
			</w2:textbox>
			<xf:group id="group33" style="height:400px;">
				<xf:group class="" id="group34" style="position: relative ;width:30%;height:90%;float:left;">
					<w2:textbox id="textbox19" label=""
						style="position: relative;height: 13px;color:black;font-size:13px;background:#aaaaaa;width: 100%;font-weight:bold;border:1px solid #d4d4d4;">
					</w2:textbox>
					<w2:gridView autoFit="allColumn" dataList="dataList7" fixedColumnWithHidden="true" id="gridView9" scrollByColumn="false"
						style="height:300px;" useShiftKey="true">
						<w2:header id="header1" style="">
							<w2:row id="row2" style="">
								<w2:column blockSelect="false" id="column13" style="height:20px" inputType="text" width="70"
									value="processes">
								</w2:column>
								<w2:column blockSelect="false" id="column11" style="height:20px" inputType="text" width="70"
									value="taskID">
								</w2:column>
								<w2:column blockSelect="false" id="column9" style="height:20px" inputType="text" width="70" value="tasks"></w2:column>
								<w2:column blockSelect="false" id="column7" style="height:20px" inputType="text" width="70"
									value="startDate">
								</w2:column>
								<w2:column blockSelect="false" id="column3" style="height:20px" width="70" inputType="text"
									value="endDate">
								</w2:column>
							</w2:row>
						</w2:header>
						<w2:gBody id="gBody4" style="">
							<w2:row id="row5" style="">
								<w2:column blockSelect="false" id="processes" style="height:20px" inputType="text" width="70"></w2:column>
								<w2:column blockSelect="false" id="task_id" style="height:20px" inputType="text" width="70"></w2:column>
								<w2:column blockSelect="false" id="tasks" style="height:20px" inputType="text" width="70"></w2:column>
								<w2:column blockSelect="false" id="startDate" style="height:20px" inputType="text" width="70"></w2:column>
								<w2:column blockSelect="false" id="endDate" style="height:20px" width="70" inputType="text"></w2:column>
							</w2:row>
						</w2:gBody>
					</w2:gridView>
				</xf:group>
				<xf:group class="" id="group35" style="position: relative ;width:70%;height:90%;float:left;">
					<w2:textbox id="textbox20" label="fwGanttChart"
						style="position: relative;height: 13px;color:black;font-size:13px;background:#aaaaaa;width: 100%;font-weight:bold;border:1px solid #d4d4d4;">
					</w2:textbox>
					<w2:fwGanttChart startDateNode="startDate" endDateNode="endDate" dateformat="dd/mm/yyyy" id="fwGanttChart7" processIdNode="process_id"
						processNode="processes" ref="data:dataList7" style="width: 415px;height: 597px;" taskIdNode="task_id" taskNode="tasks" timeBase="date"
						timeGap="3" multiTasks="true" categoryDepth="2">
					</w2:fwGanttChart>
				</xf:group>
			</xf:group>
		</xf:group>
	</body>
</html>