<?xml version="1.0" encoding="UTF-8"?>
<html xmlns="http://www.w3.org/1999/xhtml" xmlns:ev="http://www.w3.org/2001/xml-events" xmlns:w2="http://www.inswave.com/websquare"
	xmlns:xf="http://www.w3.org/2002/xforms">
	<head>
		<w2:type>DEFAULT</w2:type>
		<w2:buildDate />
		<xf:model>
			<xf:instance>
				<data xmlns="" />
			</xf:instance>
			<w2:dataCollection baseNode="map">
				<w2:dataList baseNode="list" id="dataList1" style="" saveRemovedData="true" repeatNode="map">
					<w2:columnInfo>
						<w2:column id="value" name="value" dataType="text"></w2:column>
					</w2:columnInfo>
				</w2:dataList>
				<w2:dataList baseNode="list" id="dataList2" style="" saveRemovedData="true" repeatNode="map">
					<w2:columnInfo>
						<w2:column id="value" name="value" dataType="text"></w2:column>
					</w2:columnInfo>
				</w2:dataList>
			</w2:dataCollection>
			<xf:submission id="submission1" ref="" target='data:json,{"id":"dataList1","action":"all"}' action="../widgets/gauge.json"
				method="post" mediatype="application/json" encoding="UTF-8" instance="" replace="" errorHandler="" customHandler="" mode="asynchronous"
				processMsg="" singleMode="true">
			</xf:submission>
			<xf:submission id="submission2" ref="" target='data:json,{"id":"dataList2","action":"all"}' action="../widgets/gauge.json" method="post" mediatype="application/json"
				encoding="UTF-8" instance="" replace="" errorHandler="" customHandler="" mode="asynchronous" processMsg="" singleMode="true">
			</xf:submission>
		</xf:model>
		<script type="text/javascript" lazy="false"><![CDATA[
        
	scwin.onpageload = function() {
		scwin.doInit();
	};
	
	scwin.onpageunload = function() {
		
	};
		
	scwin.doInit = function() {
		$p.executeSubmission("submission1");
		$p.executeSubmission("submission2");
	};
			
	scwin.selectbox1_onchange = function() {
		var chartType = selectbox1.getValue();
    	fwGaugeChart1.changeType(chartType);
	};
	
	scwin.selectbox2_onchange = function() {
		var chartType = selectbox2.getValue();
    	fwGaugeChart2.changeType(chartType);
	};
	]]></script>
	</head>
	<body ev:onpageload="scwin.onpageload" ev:onpageunload="scwin.onpageunload">
		<xf:group class="" id="group1" style="position: relative ;border: 1px solid black;top:15px;left:20px;width:98%;height:100%;">
			<w2:textbox id="textbox6" label="fwGaugeChart"
				style="position: relative;height: 31px;color:white;font-size:30px;background:#4272d4;width: 100%;border:1px solid #d4d4d4;font-weight:bold;">
			</w2:textbox>
			<xf:group id="group12" style="height:300px;margin-top:10px;">
				<xf:group id="group2" style="position: relative ;width:30%;height:90%;float:left;" class="">
					<w2:textbox id="textbox4"
						style="position: relative;height: 5%;color:black;font-size:13px;background:#aaaaaa;width: 100%;font-weight:bold;border:1px solid #d4d4d4;"
						label="dataList">
					</w2:textbox>
					<w2:gridView dataList="dataList1" id="gridView1" autoFit="allColumn" style="width: 100%;height: 300px;"
						scrollByColumn="false" useShiftKey="true" fixedColumnWithHidden="true">
						<w2:header id="header1" style="">
							<w2:row id="row2" style="">
								<w2:column blockSelect="false" id="column3" style="height:20px" width="70" inputType="text" value="value">
								</w2:column>
							</w2:row>
						</w2:header>
						<w2:gBody id="gBody4" style="">
							<w2:row id="row5" style="">
								<w2:column blockSelect="false" id="value" style="height:20px" width="70" inputType="text"></w2:column>
							</w2:row>
						</w2:gBody>
					</w2:gridView>
				</xf:group>
				<xf:group id="group3" style="position: relative ;width:70%;height:90%;float:left;" class="">
					<xf:select1 allOption="" appearance="minimal" chooseOption="" direction="auto" disabled="false"
						disabledClass="w2selectbox_disabled" displayMode="label" id="selectbox1" style="width: 170px;height: 30px;margin:10px;"
						submenuSize="auto" ev:onchange="scwin.selectbox1_onchange">
						<xf:choices>
							<xf:item>
								<xf:label><![CDATA[angulargauge]]></xf:label>
								<xf:value><![CDATA[angulargauge]]></xf:value>
							</xf:item>
							<xf:item>
								<xf:label><![CDATA[bulb]]></xf:label>
								<xf:value><![CDATA[bulb]]></xf:value>
							</xf:item>
							<xf:item>
								<xf:label><![CDATA[hlineargauge]]></xf:label>
								<xf:value><![CDATA[hlineargauge]]></xf:value>
							</xf:item>
							<xf:item>
								<xf:label><![CDATA[thermometer]]></xf:label>
								<xf:value><![CDATA[thermometer]]></xf:value>
							</xf:item>
							<xf:item>
								<xf:label><![CDATA[vled]]></xf:label>
								<xf:value><![CDATA[vled]]></xf:value>
							</xf:item>
							<xf:item>
								<xf:label><![CDATA[cylinder]]></xf:label>
								<xf:value><![CDATA[cylinder]]></xf:value>
							</xf:item>
							<xf:item>
								<xf:label><![CDATA[hled]]></xf:label>
								<xf:value><![CDATA[hled]]></xf:value>
							</xf:item>
						</xf:choices>
					</xf:select1>
					<w2:fwGaugeChart id="fwGaugeChart1" chartType="angulargauge" ref="data:dataList1" valueNode="value"
						style="width: 300px;height: 250px; margin:10px;">
					</w2:fwGaugeChart>
				</xf:group>
			</xf:group>
			<xf:group id="group31" style="height:300px;margin-top:30px;">
				<xf:group class="" id="group32" style="position: relative ;width:30%;height:90%;float:left;">
					<w2:textbox id="textbox20" label="dataList realtime"
						style="position: relative;height: 5%;color:black;font-size:13px;background:#aaaaaa;width: 100%;font-weight:bold;border:1px solid #d4d4d4;">
					</w2:textbox>
					<w2:gridView autoFit="allColumn" dataList="dataList2" fixedColumnWithHidden="true" id="gridView9" scrollByColumn="false"
						style="width: 100%;height: 300px;" useShiftKey="true">
						<w2:header id="header1" style="">
							<w2:row id="row2" style="">
								<w2:column blockSelect="false" id="column3" inputType="text" style="height:20px" value="value" width="70"></w2:column>
							</w2:row>
						</w2:header>
						<w2:gBody id="gBody4" style="">
							<w2:row id="row5" style="">
								<w2:column blockSelect="false" id="value" inputType="text" style="height:20px" width="70"></w2:column>
							</w2:row>
						</w2:gBody>
					</w2:gridView>
				</xf:group>
				<xf:group class="" id="group33" style="position: relative ;width:70%;height:90%;float:left;">
					<xf:select1 allOption="" appearance="minimal" chooseOption="" direction="auto" disabled="false"
						disabledClass="w2selectbox_disabled" displayMode="label" id="selectbox2" style="width: 170px;height: 30px;margin:10px;"
						submenuSize="auto" ev:onchange="scwin.selectbox2_onchange">
						<xf:choices>
							<xf:item>
								<xf:label><![CDATA[angulargauge]]></xf:label>
								<xf:value><![CDATA[angulargauge]]></xf:value>
							</xf:item>
							<xf:item>
								<xf:label><![CDATA[bulb]]></xf:label>
								<xf:value><![CDATA[bulb]]></xf:value>
							</xf:item>
							<xf:item>
								<xf:label><![CDATA[hlineargauge]]></xf:label>
								<xf:value><![CDATA[hlineargauge]]></xf:value>
							</xf:item>
							<xf:item>
								<xf:label><![CDATA[thermometer]]></xf:label>
								<xf:value><![CDATA[thermometer]]></xf:value>
							</xf:item>
							<xf:item>
								<xf:label><![CDATA[vled]]></xf:label>
								<xf:value><![CDATA[vled]]></xf:value>
							</xf:item>
							<xf:item>
								<xf:label><![CDATA[cylinder]]></xf:label>
								<xf:value><![CDATA[cylinder]]></xf:value>
							</xf:item>
							<xf:item>
								<xf:label><![CDATA[hled]]></xf:label>
								<xf:value><![CDATA[hled]]></xf:value>
							</xf:item>
						</xf:choices>
					</xf:select1>
					<w2:fwGaugeChart chartType="angulargauge" id="fwGaugeChart2" realtime="true" ref="data:dataList2" refreshInterval="1" valueNode="value"
						style="width: 300px;height: 250px; margin:10px" submissionId="submission2">
					</w2:fwGaugeChart>
				</xf:group>
			</xf:group>
		</xf:group>
	</body>
</html>