<?xml version="1.0" encoding="UTF-8" standalone="no"?>
<html xmlns="http://www.w3.org/1999/xhtml" xmlns:ev="http://www.w3.org/2001/xml-events" xmlns:w2="http://www.inswave.com/websquare"
	xmlns:xf="http://www.w3.org/2002/xforms">
	<head>
		<w2:type>DEFAULT</w2:type>
		<w2:buildDate />
		<xf:model>
			<xf:instance>
				<data xmlns="" />
			</xf:instance>
			<w2:dataCollection baseNode="map">
				<w2:dataList baseNode="list" id="dataList2" style="" saveRemovedData="true" repeatNode="map">
					<w2:columnInfo>
						<w2:column id="processes" name="processes" dataType="text"></w2:column>
						<w2:column id="tasks" name="tasks" dataType="text"></w2:column>
						<w2:column id="startTime" name="startTime" dataType="text"></w2:column>
						<w2:column id="endTime" name="endTime" dataType="text"></w2:column>
					</w2:columnInfo>
					<w2:data use="true">
						<w2:row>
							<processes><![CDATA[Jonh.S]]></processes>
							<tasks><![CDATA[Morning Shift]]></tasks>
							<startTime><![CDATA[08:00:00]]></startTime>
							<endTime><![CDATA[12:30:00]]></endTime>
						</w2:row>
						<w2:row>
							<processes><![CDATA[Jonh.S]]></processes>
							<tasks><![CDATA[Evening Shift]]></tasks>
							<startTime><![CDATA[15:00:00]]></startTime>
							<endTime><![CDATA[19:30:00]]></endTime>
						</w2:row>
						<w2:row>
							<processes><![CDATA[David.G]]></processes>
							<tasks><![CDATA[Half Day]]></tasks>
							<startTime><![CDATA[10:00:00]]></startTime>
							<endTime><![CDATA[16:30:00]]></endTime>
						</w2:row>
						<w2:row>
							<processes><![CDATA[Mary.P]]></processes>
							<tasks><![CDATA[Morning Shift]]></tasks>
							<startTime><![CDATA[08:00:00]]></startTime>
							<endTime><![CDATA[12:30:00]]></endTime>
						</w2:row>
						<w2:row>
							<processes><![CDATA[Mary.P]]></processes>
							<tasks><![CDATA[Evening Shift]]></tasks>
							<startTime><![CDATA[18:00:00]]></startTime>
							<endTime><![CDATA[19:00:00]]></endTime>
						</w2:row>
						<w2:row>
							<processes><![CDATA[Andrew.H]]></processes>
							<tasks><![CDATA[Full time support]]></tasks>
							<startTime><![CDATA[08:00:00]]></startTime>
							<endTime><![CDATA[23:00:00]]></endTime>
						</w2:row>
						<w2:row>
							<processes><![CDATA[Nell.M]]></processes>
							<tasks><![CDATA[Half Day]]></tasks>
							<startTime><![CDATA[10:00:00]]></startTime>
							<endTime><![CDATA[14:30:00]]></endTime>
						</w2:row>
					</w2:data>
				</w2:dataList>
				<w2:dataList baseNode="list" id="dataList3" style="" saveRemovedData="true" repeatNode="map">
					<w2:columnInfo>
						<w2:column id="processes" name="processes" dataType="text"></w2:column>
						<w2:column id="tasks" name="tasks" dataType="text"></w2:column>
						<w2:column id="startTime" name="startTime" dataType="text"></w2:column>
						<w2:column id="endTime" name="endTime" dataType="text"></w2:column>
					</w2:columnInfo>
					<w2:data use="true">
						<w2:row>
							<processes><![CDATA[tom]]></processes>
							<tasks><![CDATA[a]]></tasks>
							<startTime><![CDATA[06:00:00]]></startTime>
							<endTime><![CDATA[09:00:00]]></endTime>
						</w2:row>
						<w2:row>
							<processes><![CDATA[mike]]></processes>
							<tasks><![CDATA[b]]></tasks>
							<startTime><![CDATA[08:00:00]]></startTime>
							<endTime><![CDATA[12:00:00]]></endTime>
						</w2:row>
						<w2:row>
							<processes><![CDATA[lily]]></processes>
							<tasks><![CDATA[c]]></tasks>
							<startTime><![CDATA[09:00:00]]></startTime>
							<endTime><![CDATA[14:00:00]]></endTime>
						</w2:row>
						<w2:row>
							<processes><![CDATA[kan]]></processes>
							<tasks><![CDATA[d]]></tasks>
							<startTime><![CDATA[12:00:00]]></startTime>
							<endTime><![CDATA[18:00:00]]></endTime>
						</w2:row>
					</w2:data>
				</w2:dataList>
			</w2:dataCollection>
		</xf:model>
		<script type="text/javascript" lazy="false"><![CDATA[
        
		scwin.onpageload = function() {
			fwGanttChart2.setChartAttribute({"outputDateFormat":"hh:mm:dd ampm"});
			fwGanttChart2.draw();			
		};
		
		scwin.onpageunload = function() {
			
		};
		]]></script>
	</head>
	<body ev:onpageload="scwin.onpageload" ev:onpageunload="scwin.onpageunload">
		<xf:group class="" id="group1" style="position: relative ;border: 1px solid black;top:15px;left:20px;width:98%;height:400px;">
			<w2:textbox id="textbox6" label="fwGanttChart (timeBase:time)"
				style="position: relative;height: 32px;color:white;font-size:30px;background:#4272d4;width: 100%;border:1px solid #d4d4d4;font-weight:bold;">
			</w2:textbox>
			<xf:group id="group15" style="height:400px;">
				<xf:group class="" id="group16" style="position: relative ;width:30%;height:90%;float:left;">
					<w2:textbox id="textbox7" label="dateformat : hh:mm:ss"
						style="position: relative;height: 13px;color:black;font-size:13px;background:#aaaaaa;width: 100%;font-weight:bold;border:1px solid #d4d4d4;">
					</w2:textbox>
					<w2:gridView autoFit="allColumn" dataList="dataList2" fixedColumnWithHidden="true" id="gridView5" scrollByColumn="false"
						style="height:300px;" useShiftKey="true">
						<w2:header id="header1" style="">
							<w2:row id="row2" style="">
								<w2:column blockSelect="false" id="column11" style="height:20px" inputType="text" width="70"
									value="processes">
								</w2:column>
								<w2:column blockSelect="false" id="column9" style="height:20px" inputType="text" width="70" value="tasks"></w2:column>
								<w2:column blockSelect="false" id="column7" style="height:20px" inputType="text" width="70"
									value="startTime">
								</w2:column>
								<w2:column blockSelect="false" id="column3" style="height:20px" width="70" inputType="text"
									value="endTime">
								</w2:column>
							</w2:row>
						</w2:header>
						<w2:gBody id="gBody4" style="">
							<w2:row id="row5" style="">
								<w2:column blockSelect="false" id="processes" style="height:20px" inputType="text" width="70"></w2:column>
								<w2:column blockSelect="false" id="tasks" style="height:20px" inputType="text" width="70"></w2:column>
								<w2:column blockSelect="false" id="startTime" style="height:20px" inputType="text" width="70"></w2:column>
								<w2:column blockSelect="false" id="endTime" style="height:20px" width="70" inputType="text"></w2:column>
							</w2:row>
						</w2:gBody>
					</w2:gridView>
				</xf:group>
				<xf:group class="" id="group17" style="position: relative ;width:70%;height:90%;float:left;">
					<w2:textbox id="textbox8" label="fwGanttChart"
						style="position: relative;height: 13px;color:black;font-size:13px;background:#aaaaaa;width: 100%;font-weight:bold;border:1px solid #d4d4d4;">
					</w2:textbox>
					<w2:fwGanttChart startDateNode="startTime" endDateNode="endTime" dateformat="yyyy/mm/dd" id="fwGanttChart2" processNode="processes" ref="data:dataList2"
						style="width: 615px;height: 297px;" taskNode="tasks" timeBase="time" timeGap="12">
					</w2:fwGanttChart>
				</xf:group>
			</xf:group>
			<xf:group id="group18" style="height:400px;">
				<xf:group class="" id="group19" style="position: relative ;width:30%;height:90%;float:left;">
					<w2:textbox id="textbox9" label="dateformat : hh:mm:ss"
						style="position: relative;height: 13px;color:black;font-size:13px;background:#aaaaaa;width: 100%;font-weight:bold;border:1px solid #d4d4d4;">
					</w2:textbox>
					<w2:gridView autoFit="allColumn" dataList="dataList2" fixedColumnWithHidden="true" id="gridView6" scrollByColumn="false"
						style="height:300px;" useShiftKey="true">
						<w2:header id="header1" style="">
							<w2:row id="row2" style="">
								<w2:column blockSelect="false" id="column11" style="height:20px" inputType="text" width="70"
									value="processes">
								</w2:column>
								<w2:column blockSelect="false" id="column9" style="height:20px" inputType="text" width="70" value="tasks"></w2:column>
								<w2:column blockSelect="false" id="column7" style="height:20px" inputType="text" width="70"
									value="startTime">
								</w2:column>
								<w2:column blockSelect="false" id="column3" style="height:20px" width="70" inputType="text"
									value="endTime">
								</w2:column>
							</w2:row>
						</w2:header>
						<w2:gBody id="gBody4" style="">
							<w2:row id="row5" style="">
								<w2:column blockSelect="false" id="processes" style="height:20px" inputType="text" width="70"></w2:column>
								<w2:column blockSelect="false" id="tasks" style="height:20px" inputType="text" width="70"></w2:column>
								<w2:column blockSelect="false" id="startTime" style="height:20px" inputType="text" width="70"></w2:column>
								<w2:column blockSelect="false" id="endTime" style="height:20px" width="70" inputType="text"></w2:column>
							</w2:row>
						</w2:gBody>
					</w2:gridView>
				</xf:group>
				<xf:group class="" id="group20" style="position: relative ;width:70%;height:90%;float:left;">
					<w2:textbox id="textbox10" label="fwGanttChart"
						style="position: relative;height: 13px;color:black;font-size:13px;background:#aaaaaa;width: 100%;font-weight:bold;border:1px solid #d4d4d4;">
					</w2:textbox>
					<w2:fwGanttChart startDateNode="startTime" endDateNode="endTime" dateformat="yyyy/mm/dd" id="fwGanttChart3" processNode="processes" ref="data:dataList2" style="width: 415px;height: 297px;" taskNode="tasks" timeBase="time" timeGap="6">
					</w2:fwGanttChart>
				</xf:group>
			</xf:group>
			<xf:group id="group21" style="height:400px;">
				<xf:group class="" id="group22" style="position: relative ;width:30%;height:90%;float:left;">
					<w2:textbox id="textbox11" label="dateformat : hh:mm:ss"
						style="position: relative;height: 13px;color:black;font-size:13px;background:#aaaaaa;width: 100%;font-weight:bold;border:1px solid #d4d4d4;">
					</w2:textbox>
					<w2:gridView autoFit="allColumn" dataList="dataList3" fixedColumnWithHidden="true" id="gridView7" scrollByColumn="false"
						style="height:300px;" useShiftKey="true">
						<w2:header id="header1" style="">
							<w2:row id="row2" style="">
								<w2:column blockSelect="false" id="column11" style="height:20px" inputType="text" width="70"
									value="processes">
								</w2:column>
								<w2:column blockSelect="false" id="column9" style="height:20px" inputType="text" width="70" value="tasks"></w2:column>
								<w2:column blockSelect="false" id="column7" style="height:20px" inputType="text" width="70"
									value="startTime">
								</w2:column>
								<w2:column blockSelect="false" id="column3" style="height:20px" width="70" inputType="text"
									value="endTime">
								</w2:column>
							</w2:row>
						</w2:header>
						<w2:gBody id="gBody4" style="">
							<w2:row id="row5" style="">
								<w2:column blockSelect="false" id="processes" style="height:20px" inputType="text" width="70"></w2:column>
								<w2:column blockSelect="false" id="tasks" style="height:20px" inputType="text" width="70"></w2:column>
								<w2:column blockSelect="false" id="startTime" style="height:20px" inputType="text" width="70"></w2:column>
								<w2:column blockSelect="false" id="endTime" style="height:20px" width="70" inputType="text"></w2:column>
							</w2:row>
						</w2:gBody>
					</w2:gridView>
				</xf:group>
				<xf:group class="" id="group23" style="position: relative ;width:70%;height:90%;float:left;">
					<w2:textbox id="textbox12" label="fwGanttChart"
						style="position: relative;height: 13px;color:black;font-size:13px;background:#aaaaaa;width: 100%;font-weight:bold;border:1px solid #d4d4d4;">
					</w2:textbox>
					<w2:fwGanttChart startDateNode="startTime" endDateNode="endTime" dateformat="yyyy/mm/dd" id="fwGanttChart4" processNode="processes"
						ref="data:dataList3" style="width: 415px;height: 297px;" taskNode="tasks" timeBase="time" timeGap="3">
					</w2:fwGanttChart>
				</xf:group>
			</xf:group>
		</xf:group>
	</body>
</html>