<?xml version="1.0" encoding="UTF-8" standalone="no"?>
<html xmlns="http://www.w3.org/1999/xhtml" xmlns:ev="http://www.w3.org/2001/xml-events" xmlns:w2="http://www.inswave.com/websquare"
	xmlns:xf="http://www.w3.org/2002/xforms">
	<head>
		<w2:type>DEFAULT</w2:type>
		<w2:buildDate />
		<xf:model>
			<xf:instance>
				<data xmlns="" />
			</xf:instance>
			<w2:dataCollection baseNode="map">
				<w2:dataList baseNode="list" id="dataList1" repeatNode="map" saveRemovedData="true" style="">
					<w2:columnInfo>
						<w2:column dataType="text" id="processes" name="processes"></w2:column>
						<w2:column dataType="text" id="tasks" name="tasks"></w2:column>
						<w2:column dataType="text" id="startDate" name="startDate"></w2:column>
						<w2:column id="endDate" name="endDate" dataType="text"></w2:column>
					</w2:columnInfo>
					<w2:data use="true">
						<w2:row>
							<startDate><![CDATA[04/21/2015]]></startDate>
							<processes><![CDATA[tom]]></processes>
							<tasks><![CDATA[a]]></tasks>
							<endDate><![CDATA[05/01/2015]]></endDate>
						</w2:row>
						<w2:row>
							<startDate><![CDATA[03/13/2015]]></startDate>
							<processes><![CDATA[jack]]></processes>
							<tasks><![CDATA[b]]></tasks>
							<endDate><![CDATA[04/12/2015]]></endDate>
						</w2:row>
						<w2:row>
							<startDate><![CDATA[02/06/2015]]></startDate>
							<processes><![CDATA[bob]]></processes>
							<tasks><![CDATA[c]]></tasks>
							<endDate><![CDATA[06/02/2015]]></endDate>
						</w2:row>
						<w2:row>
							<startDate><![CDATA[08/02/2015]]></startDate>
							<processes><![CDATA[mike]]></processes>
							<tasks><![CDATA[d]]></tasks>
							<endDate><![CDATA[09/02/2015]]></endDate>
						</w2:row>
					</w2:data>
				</w2:dataList>
				<w2:dataList baseNode="list" id="dataList2" style="" saveRemovedData="true" repeatNode="map">
					<w2:columnInfo>
						<w2:column id="processes" name="processes" dataType="text"></w2:column>
						<w2:column id="tasks" name="tasks" dataType="text"></w2:column>
						<w2:column id="startDate" name="startDate" dataType="text"></w2:column>
						<w2:column id="endDate" name="endDate" dataType="text"></w2:column>
					</w2:columnInfo>
					<w2:data use="true">
						<w2:row>
							<processes><![CDATA[tom]]></processes>
							<tasks><![CDATA[a]]></tasks>
							<startDate><![CDATA[20/04/2015]]></startDate>
							<endDate><![CDATA[10/05/2015]]></endDate>
						</w2:row>
						<w2:row>
							<processes><![CDATA[mike]]></processes>
							<tasks><![CDATA[b]]></tasks>
							<startDate><![CDATA[10/05/2015]]></startDate>
							<endDate><![CDATA[02/04/2015]]></endDate>
						</w2:row>
						<w2:row>
							<processes><![CDATA[full]]></processes>
							<tasks><![CDATA[c]]></tasks>
							<startDate><![CDATA[02/04/2015]]></startDate>
							<endDate><![CDATA[03/06/2015]]></endDate>
						</w2:row>
						<w2:row>
							<processes><![CDATA[drake]]></processes>
							<tasks><![CDATA[d]]></tasks>
							<startDate><![CDATA[03/06/2015]]></startDate>
							<endDate><![CDATA[06/08/2015]]></endDate>
						</w2:row>
						<w2:row>
							<processes><![CDATA[mj]]></processes>
							<tasks><![CDATA[e]]></tasks>
							<startDate><![CDATA[06/08/2015]]></startDate>
							<endDate><![CDATA[06/09/2015]]></endDate>
						</w2:row>
					</w2:data>
				</w2:dataList>
				<w2:dataList baseNode="list" id="dataList3" repeatNode="map" saveRemovedData="true" style="">
					<w2:columnInfo>
						<w2:column dataType="text" id="processes" name="processes"></w2:column>
						<w2:column dataType="text" id="task_id" name="taskID"></w2:column>
						<w2:column dataType="text" id="tasks" name="tasks"></w2:column>
						<w2:column dataType="text" id="startDate" name="startDate"></w2:column>
						<w2:column dataType="text" id="endDate" name="endDate"></w2:column>
					</w2:columnInfo>
					<w2:data use="true">
						<w2:row>
							<processes><![CDATA[Terrace]]></processes>
							<task_id><![CDATA[5-1]]></task_id>
							
							<tasks><![CDATA[Planned]]></tasks>
							<startDate><![CDATA[05/05/2014]]></startDate>
							<endDate><![CDATA[02/06/2014]]></endDate>
						</w2:row>
						<w2:row>
							
							<processes><![CDATA[Terrace]]></processes>
							<task_id><![CDATA[5]]></task_id>
							<tasks><![CDATA[Actual]]></tasks>
							<startDate><![CDATA[10/05/2014]]></startDate>
							<endDate><![CDATA[02/06/2014]]></endDate>
						</w2:row>
						<w2:row>
							
							<processes><![CDATA[Plumbing]]></processes>
							<task_id><![CDATA[6-1]]></task_id>
							<tasks><![CDATA[Planned]]></tasks>
							<startDate><![CDATA[11/05/2014]]></startDate>
							<endDate><![CDATA[12/06/2014]]></endDate>
						</w2:row>
						<w2:row>
							
							<processes><![CDATA[Plumbing]]></processes>
							<task_id><![CDATA[6]]></task_id>
							<tasks><![CDATA[Actual]]></tasks>
							<startDate><![CDATA[13/05/2014]]></startDate>
							<endDate><![CDATA[12/06/2014]]></endDate>
						</w2:row>
						<w2:row>
							
							<processes><![CDATA[Wood Work]]></processes>
							<task_id><![CDATA[7-1]]></task_id>
							<tasks><![CDATA[Planned]]></tasks>
							<startDate><![CDATA[01/06/2014]]></startDate>
							<endDate><![CDATA[12/07/2014]]></endDate>
						</w2:row>
						<w2:row>
							
							<processes><![CDATA[Wood Work]]></processes>
							<task_id><![CDATA[7]]></task_id>
							<tasks><![CDATA[Actual]]></tasks>
							<startDate><![CDATA[02/06/2014]]></startDate>
							<endDate><![CDATA[19/07/2014]]></endDate>
						</w2:row>
						<w2:row>
							
							<processes><![CDATA[Interiors]]></processes>
							<task_id><![CDATA[8-1]]></task_id>
							<tasks><![CDATA[Planned]]></tasks>
							<startDate><![CDATA[01/06/2014]]></startDate>
							<endDate><![CDATA[12/08/2014]]></endDate>
						</w2:row>
						<w2:row>
							
							<processes><![CDATA[Interiors]]></processes>
							<task_id><![CDATA[8]]></task_id>
							<tasks><![CDATA[Actual]]></tasks>
							<startDate><![CDATA[01/06/2014]]></startDate>
							<endDate><![CDATA[19/08/2014]]></endDate>
						</w2:row>
					</w2:data>
				</w2:dataList>
			</w2:dataCollection>
		</xf:model>
		<script type="text/javascript" lazy="false"><![CDATA[
        
		scwin.onpageload = function() {
			
		};
		
		scwin.onpageunload = function() {
			
		};

		]]></script>
	</head>
	<body ev:onpageload="scwin.onpageload" ev:onpageunload="scwin.onpageunload">
		<xf:group class="" id="group1" style="position: relative ;border: 1px solid black;top:15px;left:20px;width:98%;height:100%;">
			<w2:textbox id="textbox6" label="fwGanttChart"
				style="position: relative;height: 32px;color:white;font-size:30px;background:#4272d4;width: 100%;border:1px solid #d4d4d4;font-weight:bold;">
			</w2:textbox>
			<xf:group id="group12" style="height:400px;">
				<xf:group class="" id="group13" style="position: relative ;width:40%;height:90%;float:left;">
					<w2:textbox id="textbox1" label="dataList structure 1"
						style="position: relative;height: 13px;color:black;font-size:13px;background:#aaaaaa;width: 100%;font-weight:bold;border:1px solid #d4d4d4;">
					</w2:textbox>
					<w2:gridView dataList="dataList1" scrollByColumn="false" id="gridView1" style="height:300px;"
						fixedColumnWithHidden="true" useShiftKey="true" autoFit="allColumn">
						<w2:header id="header1" style="">
							<w2:row id="row2" style="">
								<w2:column blockSelect="false" id="column11" style="height:20px" inputType="text" width="70"
									value="processes">
								</w2:column>
								<w2:column blockSelect="false" id="column9" style="height:20px" inputType="text" width="70" value="tasks"></w2:column>
								<w2:column blockSelect="false" id="column7" style="height:20px" inputType="text" width="70"
									value="startDate">
								</w2:column>
								<w2:column blockSelect="false" id="column3" style="height:20px" width="70" inputType="text"
									value="endDate">
								</w2:column>
							</w2:row>
						</w2:header>
						<w2:gBody id="gBody4" style="">
							<w2:row id="row5" style="">
								<w2:column blockSelect="false" id="processes" style="height:20px" inputType="text" width="70"></w2:column>
								<w2:column blockSelect="false" id="tasks" style="height:20px" inputType="text" width="70"></w2:column>
								<w2:column blockSelect="false" id="startDate" style="height:20px" inputType="text" width="70"></w2:column>
								<w2:column blockSelect="false" id="endDate" style="height:20px" width="70" inputType="text"></w2:column>
							</w2:row>
						</w2:gBody>
					</w2:gridView>
				</xf:group>
				<xf:group class="" id="group14" style="position: relative ;width:60%;height:90%;float:left;">
					<w2:textbox id="textbox2" label="fwGanttChart"
						style="position: relative;height: 13px;color:black;font-size:13px;background:#aaaaaa;width: 100%;font-weight:bold;border:1px solid #d4d4d4;">
					</w2:textbox>
					<w2:fwGanttChart id="fwGanttChart1" processNode="processes" ref="data:dataList1" taskNode="tasks"
						style="width: 415px;height: 297px;" startDateNode="startDate" endDateNode="endDate" timeBase="date" dateformat="mm/dd/yyyy" seperator="~" categoryDepth="2">
					</w2:fwGanttChart>
				</xf:group>
			</xf:group>
			<xf:group id="group24" style="height:400px;" toolTip="">
				<xf:group class="" id="group25" style="position: relative ;width:40%;height:90%;float:left;">
					<w2:textbox id="textbox13" label="dataList structure 2"
						style="position: relative;height: 13px;color:black;font-size:13px;background:#aaaaaa;width: 100%;font-weight:bold;border:1px solid #d4d4d4;">
					</w2:textbox>
					<w2:gridView autoFit="allColumn" dataList="dataList3" fixedColumnWithHidden="true" id="gridView5" scrollByColumn="false"
						style="height:300px;" useShiftKey="true">
						<w2:header id="header1" style="">
							<w2:row id="row2" style="">
								<w2:column blockSelect="false" id="column13" style="height:20px" inputType="text" width="70"
									value="processes">
								</w2:column>
								<w2:column blockSelect="false" id="column11" style="height:20px" inputType="text" width="70"
									value="taskID">
								</w2:column>
								<w2:column blockSelect="false" id="column9" style="height:20px" inputType="text" width="70" value="tasks"></w2:column>
								<w2:column blockSelect="false" id="column7" style="height:20px" inputType="text" width="70"
									value="startDate">
								</w2:column>
								<w2:column blockSelect="false" id="column3" style="height:20px" width="70" inputType="text"
									value="endDate">
								</w2:column>
							</w2:row>
						</w2:header>
						<w2:gBody id="gBody4" style="">
							<w2:row id="row5" style="">
								<w2:column blockSelect="false" id="processes" style="height:20px" inputType="text" width="70"></w2:column>
								<w2:column blockSelect="false" id="task_id" style="height:20px" inputType="text" width="70"></w2:column>
								<w2:column blockSelect="false" id="tasks" style="height:20px" inputType="text" width="70"></w2:column>
								<w2:column blockSelect="false" id="startDate" style="height:20px" inputType="text" width="70"></w2:column>
								<w2:column blockSelect="false" id="endDate" style="height:20px" width="70" inputType="text"></w2:column>
							</w2:row>
						</w2:gBody>
					</w2:gridView>
				</xf:group>
				<xf:group class="" id="group26" style="position: relative ;width:60%;height:90%;float:left;">
					<w2:textbox id="textbox14" label="fwGanttChart"
						style="position: relative;height: 13px;color:black;font-size:13px;background:#aaaaaa;width: 100%;font-weight:bold;border:1px solid #d4d4d4;">
					</w2:textbox>
					<w2:fwGanttChart startDateNode="startDate" endDateNode="endDate" dateformat="dd/mm/yyyy" id="fwGanttChart3" 
						processNode="processes" ref="data:dataList3" style="width: 415px;height: 297px;" taskIdNode="task_id" taskNode="tasks" timeBase="date"
						timeGap="3" multiTasks="true" categoryDepth="2">
					</w2:fwGanttChart>
				</xf:group>
			</xf:group>
		</xf:group>
	</body>
</html>