<?xml version="1.0" encoding="UTF-8" standalone="no"?>
<html xmlns="http://www.w3.org/1999/xhtml" xmlns:ev="http://www.w3.org/2001/xml-events" xmlns:w2="http://www.inswave.com/websquare"
	xmlns:xf="http://www.w3.org/2002/xforms">
	<head>
		<w2:type>DEFAULT</w2:type>
		<w2:buildDate />
		<xf:model>
			<xf:instance>
				<data xmlns="" />
			</xf:instance>
			<w2:dataCollection baseNode="map">
				<w2:dataList baseNode="list" id="dataList1" style="" saveRemovedData="true" repeatNode="map">
					<w2:columnInfo>
						<w2:column id="processes" name="processes" dataType="text"></w2:column>
						<w2:column id="tasks" name="tasks" dataType="text"></w2:column>
						<w2:column id="startDate" name="startDate" dataType="text"></w2:column>
						<w2:column id="endDate" name="endDate" dataType="text"></w2:column>
					</w2:columnInfo>
					<w2:data use="true">
						<w2:row>
							<processes><![CDATA[mark]]></processes>
							<tasks><![CDATA[Survey]]></tasks>
							<startDate><![CDATA[07-09-2005]]></startDate>
							<endDate><![CDATA[10-10-2005]]></endDate>
						</w2:row>
						<w2:row>
							<processes><![CDATA[mark]]></processes>
							<tasks><![CDATA[concept]]></tasks>
							<startDate><![CDATA[25-10-2005]]></startDate>
							<endDate><![CDATA[09-11-2005]]></endDate>
						</w2:row>
						<w2:row>
							<processes><![CDATA[tom]]></processes>
							<tasks><![CDATA[Concept]]></tasks>
							<startDate><![CDATA[25-10-2005]]></startDate>
							<endDate><![CDATA[09-11-2005]]></endDate>
						</w2:row>
						<w2:row>
							<processes><![CDATA[tom]]></processes>
							<tasks><![CDATA[Design]]></tasks>
							<startDate><![CDATA[12-11-2005]]></startDate>
							<endDate><![CDATA[25-11-2005]]></endDate>
						</w2:row>
						<w2:row>
							<processes><![CDATA[tom]]></processes>
							<tasks><![CDATA[Product Development]]></tasks>
							<startDate><![CDATA[06-12-2005]]></startDate>
							<endDate><![CDATA[02-03-2006]]></endDate>
						</w2:row>
						<w2:row>
							<processes><![CDATA[david]]></processes>
							<tasks><![CDATA[Product Development]]></tasks>
							<startDate><![CDATA[06-12-2005]]></startDate>
							<endDate><![CDATA[02-03-2006]]></endDate>
						</w2:row>
						<w2:row>
							<processes><![CDATA[tom]]></processes>
							<tasks><![CDATA[Doc outline]]></tasks>
							<startDate><![CDATA[06-04-2006]]></startDate>
							<endDate><![CDATA[01-05-2006]]></endDate>
						</w2:row>
						<w2:row>
							<processes><![CDATA[alan]]></processes>
							<tasks><![CDATA[alpha]]></tasks>
							<startDate><![CDATA[15-03-2006]]></startDate>
							<endDate><![CDATA[02-04-2006]]></endDate>
						</w2:row>
						<w2:row>
							<tasks><![CDATA[Beta]]></tasks>
							<processes><![CDATA[david]]></processes>
							<startDate><![CDATA[10-05-2006]]></startDate>
							<endDate><![CDATA[02-06-2006]]></endDate>
						</w2:row>
						<w2:row>
							<processes><![CDATA[alan]]></processes>
							<tasks><![CDATA[Doc]]></tasks>
							<startDate><![CDATA[12-05-2006]]></startDate>
							<endDate><![CDATA[29-05-2006]]></endDate>
						</w2:row>
						<w2:row>
							<processes><![CDATA[adam]]></processes>
							<tasks><![CDATA[Website Design]]></tasks>
							<startDate><![CDATA[18-05-2006]]></startDate>
							<endDate><![CDATA[22-06-2006]]></endDate>
						</w2:row>
						<w2:row>
							<processes><![CDATA[peter]]></processes>
							<tasks><![CDATA[Release]]></tasks>
							<startDate><![CDATA[05-07-2006]]></startDate>
							<endDate><![CDATA[29-07-2006]]></endDate>
						</w2:row>
						<w2:row>
							<processes><![CDATA[david]]></processes>
							<tasks><![CDATA[Dvlp]]></tasks>
							<startDate><![CDATA[10-06-2006]]></startDate>
							<endDate><![CDATA[01-07-2006]]></endDate>
						</w2:row>
						<w2:row>
							<processes><![CDATA[alan]]></processes>
							<tasks><![CDATA[QA]]></tasks>
							<startDate><![CDATA[09-04-2006]]></startDate>
							<endDate><![CDATA[22-04-2006]]></endDate>
						</w2:row>
						<w2:row>
							<processes><![CDATA[alan]]></processes>
							<tasks><![CDATA[QA2]]></tasks>
							<startDate><![CDATA[25-06-2006]]></startDate>
							<endDate><![CDATA[05-07-2006]]></endDate>
						</w2:row>
					</w2:data>
				</w2:dataList>
				<w2:dataList baseNode="list" id="dataList3" style="" saveRemovedData="true" repeatNode="map">
					<w2:columnInfo>
						<w2:column id="processes" name="processes" dataType="text"></w2:column>
						<w2:column id="tasks" name="tasks" dataType="text"></w2:column>
						<w2:column id="startDate" name="startDate" dataType="date"></w2:column>
						<w2:column id="endDate" name="endDate" dataType="text"></w2:column>
					</w2:columnInfo>
					<w2:data use="true">
						<w2:row>
							<startDate><![CDATA[04/21/2015]]></startDate>
							<processes><![CDATA[tom]]></processes>
							<tasks><![CDATA[a]]></tasks>
							<endDate><![CDATA[05/01/2015]]></endDate>
						</w2:row>
						<w2:row>
							<startDate><![CDATA[03/13/2015]]></startDate>
							<processes><![CDATA[jack]]></processes>
							<tasks><![CDATA[b]]></tasks>
							<endDate><![CDATA[04/12/2015]]></endDate>
						</w2:row>
						<w2:row>
							<startDate><![CDATA[02/06/2015]]></startDate>
							<processes><![CDATA[bob]]></processes>
							<tasks><![CDATA[c]]></tasks>
							<endDate><![CDATA[06/02/2015]]></endDate>
						</w2:row>
						<w2:row>
							<startDate><![CDATA[08/02/2015]]></startDate>
							<processes><![CDATA[mike]]></processes>
							<tasks><![CDATA[d]]></tasks>
							<endDate><![CDATA[09/02/2015]]></endDate>
						</w2:row>
					</w2:data>
				</w2:dataList>
				<w2:dataList baseNode="list" id="dataList4" style="" saveRemovedData="true" repeatNode="map">
					<w2:columnInfo>
						<w2:column id="processes" name="processes" dataType="text"></w2:column>
						<w2:column id="tasks" name="tasks" dataType="text"></w2:column>
						<w2:column id="startDate" name="startDate" dataType="text"></w2:column>
						<w2:column id="endDate" name="endDate" dataType="text"></w2:column>
					</w2:columnInfo>
					<w2:data use="true">
						<w2:row>
							<processes><![CDATA[tom]]></processes>
							<tasks><![CDATA[a]]></tasks>
							<startDate><![CDATA[05/03/2015]]></startDate>
							<endDate><![CDATA[09/04/2015]]></endDate>
						</w2:row>
						<w2:row>
							<processes><![CDATA[mike]]></processes>
							<tasks><![CDATA[b]]></tasks>
							<startDate><![CDATA[10/03/2015]]></startDate>
							<endDate><![CDATA[12/04/2015]]></endDate>
						</w2:row>
						<w2:row>
							<processes><![CDATA[eric]]></processes>
							<tasks><![CDATA[c]]></tasks>
							<startDate><![CDATA[21/04/2015]]></startDate>
							<endDate><![CDATA[30/04/2015]]></endDate>
						</w2:row>
						<w2:row>
							<processes><![CDATA[cathy]]></processes>
							<tasks><![CDATA[d]]></tasks>
							<startDate><![CDATA[18/05/2015]]></startDate>
							<endDate><![CDATA[30/06/2015]]></endDate>
						</w2:row>
						<w2:row>
							<processes><![CDATA[sam]]></processes>
							<tasks><![CDATA[e]]></tasks>
							<startDate><![CDATA[20/06/2015]]></startDate>
							<endDate><![CDATA[30/06/2015]]></endDate>
						</w2:row>
					</w2:data>
				</w2:dataList>
				<w2:dataList baseNode="list" id="dataList2" style="" saveRemovedData="true" repeatNode="map">
					<w2:columnInfo>
						<w2:column id="processes" name="processes" dataType="text"></w2:column>
						<w2:column id="tasks" name="tasks" dataType="text"></w2:column>
						<w2:column id="startDate" name="startDate" dataType="text"></w2:column>
						<w2:column id="endDate" name="endDate" dataType="text"></w2:column>
					</w2:columnInfo>
					<w2:data use="true">
						<w2:row>
							<processes><![CDATA[tom]]></processes>
							<tasks><![CDATA[z]]></tasks>
							<startDate><![CDATA[03-04-2015]]></startDate>
							<endDate><![CDATA[03-19-2015]]></endDate>
						</w2:row>
						<w2:row>
							<processes><![CDATA[mike]]></processes>
							<tasks><![CDATA[x]]></tasks>
							<startDate><![CDATA[04-06-2015]]></startDate>
							<endDate><![CDATA[05-09-2015]]></endDate>
						</w2:row>
						<w2:row>
							<processes><![CDATA[jake]]></processes>
							<tasks><![CDATA[y]]></tasks>
							<startDate><![CDATA[05-06-2015]]></startDate>
							<endDate><![CDATA[06-02-2015]]></endDate>
						</w2:row>
						<w2:row>
							<processes><![CDATA[poll]]></processes>
							<tasks><![CDATA[w]]></tasks>
							<startDate><![CDATA[02-03-2015]]></startDate>
							<endDate><![CDATA[04-02-2015]]></endDate>
						</w2:row>
						<w2:row>
							<processes><![CDATA[endy]]></processes>
							<tasks><![CDATA[v]]></tasks>
							<startDate><![CDATA[06-02-2015]]></startDate>
							<endDate><![CDATA[07-09-2015]]></endDate>
						</w2:row>
					</w2:data>
				</w2:dataList>
				<w2:dataList baseNode="list" id="dataList5" style="" saveRemovedData="true" repeatNode="map">
					<w2:columnInfo>
						<w2:column id="processes" name="processes" dataType="text"></w2:column>
						<w2:column id="tasks" name="tasks" dataType="text"></w2:column>
						<w2:column id="startDate" name="startDate" dataType="text"></w2:column>
						<w2:column id="endDate" name="endDate" dataType="text"></w2:column>
					</w2:columnInfo>
					<w2:data use="true">
						<w2:row>
							<processes><![CDATA[a]]></processes>
							<tasks><![CDATA[a-1]]></tasks>
							<startDate><![CDATA[2015/04/09]]></startDate>
							<endDate><![CDATA[2015/05/29]]></endDate>
						</w2:row>
						<w2:row>
							<processes><![CDATA[b]]></processes>
							<tasks><![CDATA[b-1]]></tasks>
							<startDate><![CDATA[2015/05/11]]></startDate>
							<endDate><![CDATA[2015/05/29]]></endDate>
						</w2:row>
						<w2:row>
							<processes><![CDATA[c]]></processes>
							<tasks><![CDATA[c-1]]></tasks>
							<startDate><![CDATA[2015/06/01]]></startDate>
							<endDate><![CDATA[2015/06/29]]></endDate>
						</w2:row>
						<w2:row>
							<processes><![CDATA[d]]></processes>
							<tasks><![CDATA[d-1]]></tasks>
							<startDate><![CDATA[2015/11/04]]></startDate>
							<endDate><![CDATA[2015/11/23]]></endDate>
						</w2:row>
					</w2:data>
				</w2:dataList>
				<w2:dataList baseNode="list" id="dataList6" style="" saveRemovedData="true" repeatNode="map">
					<w2:columnInfo>
						<w2:column id="processes" name="processes" dataType="text"></w2:column>
						<w2:column id="tasks" name="tasks" dataType="text"></w2:column>
						<w2:column id="startDate" name="startDate" dataType="text"></w2:column>
						<w2:column id="endDate" name="endDate" dataType="text"></w2:column>
					</w2:columnInfo>
					<w2:data use="true">
						<w2:row>
							<processes><![CDATA[z]]></processes>
							<tasks><![CDATA[a]]></tasks>
							<startDate><![CDATA[2014-12-01]]></startDate>
							<endDate><![CDATA[2015-01-14]]></endDate>
						</w2:row>
						<w2:row>
							<processes><![CDATA[x]]></processes>
							<tasks><![CDATA[b]]></tasks>
							<startDate><![CDATA[2014-11-01]]></startDate>
							<endDate><![CDATA[2015-02-11]]></endDate>
						</w2:row>
						<w2:row>
							<processes><![CDATA[y]]></processes>
							<tasks><![CDATA[c]]></tasks>
							<startDate><![CDATA[2014-10-21]]></startDate>
							<endDate><![CDATA[2015-03-01]]></endDate>
						</w2:row>
						<w2:row>
							<processes><![CDATA[w]]></processes>
							<tasks><![CDATA[d]]></tasks>
							<startDate><![CDATA[2014-09-01]]></startDate>
							<endDate><![CDATA[2015-02-02]]></endDate>
						</w2:row>
					</w2:data>
				</w2:dataList>
			</w2:dataCollection>
		</xf:model>
		<script type="text/javascript" lazy="false"><![CDATA[
        
		scwin.onpageload = function() {
			
		};
		
		scwin.onpageunload = function() {
			
		};
		
		]]></script>
	</head>
	<body ev:onpageload="scwin.onpageload" ev:onpageunload="scwin.onpageunload">
		<xf:group class="" id="group1" style="position: relative ;border: 1px solid black;top:15px;left:20px;width:98%;height:400px;">
			<w2:textbox id="textbox6" label="fwGanttChart (timeBase:date)"
				style="position: relative;height: 32px;color:white;font-size:30px;background:#4272d4;width: 100%;border:1px solid #d4d4d4;font-weight:bold;">
			</w2:textbox>
			<xf:group id="group12" style="height:400px;">
				<xf:group class="" id="group13" style="position: relative ;width:30%;height:90%;float:left;">
					<w2:textbox id="textbox1" label="dateformat : dd/mm/yyyy"
						style="position: relative;height: 13px;color:black;font-size:13px;background:#aaaaaa;width: 100%;font-weight:bold;border:1px solid #d4d4d4;">
					</w2:textbox>
					<w2:gridView dataList="dataList4" scrollByColumn="false" id="gridView4" style="height:213px;"
						fixedColumnWithHidden="true" useShiftKey="true" autoFit="allColumn">
						<w2:header id="header1" style="">
							<w2:row id="row2" style="">
								<w2:column blockSelect="false" id="column11" style="height:20px" inputType="text" width="70"
									value="processes">
								</w2:column>
								<w2:column blockSelect="false" id="column9" style="height:20px" inputType="text" width="70" value="tasks"></w2:column>
								<w2:column blockSelect="false" id="column7" style="height:20px" inputType="text" width="70"
									value="startDate">
								</w2:column>
								<w2:column blockSelect="false" id="column3" style="height:20px" width="70" inputType="text"
									value="endDate">
								</w2:column>
							</w2:row>
						</w2:header>
						<w2:gBody id="gBody4" style="">
							<w2:row id="row5" style="">
								<w2:column blockSelect="false" id="processes" style="height:20px" inputType="text" width="70"></w2:column>
								<w2:column blockSelect="false" id="tasks" style="height:20px" inputType="text" width="70"></w2:column>
								<w2:column blockSelect="false" id="startDate" style="height:20px" inputType="text" width="70"></w2:column>
								<w2:column blockSelect="false" id="endDate" style="height:20px" width="70" inputType="text"></w2:column>
							</w2:row>
						</w2:gBody>
					</w2:gridView>
				</xf:group>
				<xf:group class="" id="group14" style="position: relative ;width:70%;height:90%;float:left;">
					<w2:textbox id="textbox2" label="fwGanttChart"
						style="position: relative;height: 13px;color:black;font-size:13px;background:#aaaaaa;width: 100%;font-weight:bold;border:1px solid #d4d4d4;">
					</w2:textbox>
					<w2:fwGanttChart id="fwGanttChart1" processNode="processes" ref="data:dataList4" taskNode="tasks"
						style="width: 415px;height: 297px;" startDateNode="startDate" endDateNode="endDate" timeBase="date" seperator="~" dateformat="dd/mm/yyyy" categoryDepth="2">
					</w2:fwGanttChart>
				</xf:group>
			</xf:group>
			<xf:group id="group15" style="height:400px;">
				<xf:group class="" id="group16" style="position: relative ;width:30%;height:90%;float:left;">
					<w2:textbox id="textbox7" label="dateformat : dd-mm-yyyy"
						style="position: relative;height: 13px;color:black;font-size:13px;background:#aaaaaa;width: 100%;font-weight:bold;border:1px solid #d4d4d4;">
					</w2:textbox>
					<w2:gridView autoFit="allColumn" dataList="dataList1" fixedColumnWithHidden="true" id="gridView2" scrollByColumn="false"
						style="height:250px;" useShiftKey="true">
						<w2:header id="header1" style="">
							<w2:row id="row2" style="">
								<w2:column blockSelect="false" id="column11" style="height:20px" inputType="text" width="70"
									value="processes">
								</w2:column>
								<w2:column blockSelect="false" id="column9" style="height:20px" inputType="text" width="70" value="tasks"></w2:column>
								<w2:column blockSelect="false" id="column7" style="height:20px" inputType="text" width="70"
									value="startDate">
								</w2:column>
								<w2:column blockSelect="false" id="column3" style="height:20px" width="70" inputType="text"
									value="endDate">
								</w2:column>
							</w2:row>
						</w2:header>
						<w2:gBody id="gBody4" style="">
							<w2:row id="row5" style="">
								<w2:column blockSelect="false" id="processes" style="height:20px" inputType="text" width="70"></w2:column>
								<w2:column blockSelect="false" id="tasks" style="height:20px" inputType="text" width="70"></w2:column>
								<w2:column blockSelect="false" id="startDate" style="height:20px" inputType="text" width="70"></w2:column>
								<w2:column blockSelect="false" id="endDate" style="height:20px" width="70" inputType="text"></w2:column>
							</w2:row>
						</w2:gBody>
					</w2:gridView>
				</xf:group>
				<xf:group class="" id="group17" style="position: relative ;width:70%;height:90%;float:left;">
					<w2:textbox id="textbox8" label="fwGanttChart"
						style="position: relative;height: 13px;color:black;font-size:13px;background:#aaaaaa;width: 100%;font-weight:bold;border:1px solid #d4d4d4;">
					</w2:textbox>
					<w2:fwGanttChart id="fwGanttChart2" processNode="processes" ref="data:dataList1" taskNode="tasks"
						style="width: 615px;height: 297px;" startDateNode="startDate" endDateNode="endDate" seperator="~" timeBase="date" dateformat="dd-mm-yyyy" categoryDepth="2">
					</w2:fwGanttChart>
				</xf:group>
			</xf:group>

			<xf:group id="group24" style="height:400px;">
				<xf:group class="" id="group25" style="position: relative ;width:30%;height:90%;float:left;">
					<w2:textbox id="textbox13" label="dateformat : mm/dd/yyyy"
						style="position: relative;height: 13px;color:black;font-size:13px;background:#aaaaaa;width: 100%;font-weight:bold;border:1px solid #d4d4d4;">
					</w2:textbox>
					<w2:gridView autoFit="allColumn" dataList="dataList3" fixedColumnWithHidden="true" id="gridView6" scrollByColumn="false"
						style="height:213px;" useShiftKey="true">
						<w2:header id="header1" style="">
							<w2:row id="row2" style="">
								<w2:column blockSelect="false" id="column11" style="height:20px" inputType="text" width="70"
									value="processes">
								</w2:column>
								<w2:column blockSelect="false" id="column9" style="height:20px" inputType="text" width="70" value="tasks"></w2:column>
								<w2:column blockSelect="false" id="column7" style="height:20px" inputType="text" width="70"
									value="startDate">
								</w2:column>
								<w2:column blockSelect="false" id="column3" style="height:20px" width="70" inputType="text"
									value="endDate">
								</w2:column>
							</w2:row>
						</w2:header>
						<w2:gBody id="gBody4" style="">
							<w2:row id="row5" style="">
								<w2:column blockSelect="false" id="processes" style="height:20px" inputType="text" width="70"></w2:column>
								<w2:column blockSelect="false" id="tasks" style="height:20px" inputType="text" width="70"></w2:column>
								<w2:column blockSelect="false" id="startDate" style="height:20px" inputType="text" width="70"></w2:column>
								<w2:column blockSelect="false" id="endDate" style="height:20px" width="70" inputType="text"></w2:column>
							</w2:row>
						</w2:gBody>
					</w2:gridView>
				</xf:group>
				<xf:group class="" id="group26" style="position: relative ;width:70%;height:90%;float:left;">
					<w2:textbox id="textbox14" label="fwGanttChart"
						style="position: relative;height: 13px;color:black;font-size:13px;background:#aaaaaa;width: 100%;font-weight:bold;border:1px solid #d4d4d4;">
					</w2:textbox>
					<w2:fwGanttChart startDateNode="startDate" endDateNode="endDate" dateformat="mm/dd/yyyy" timeBase="date" id="fwGanttChart3" processNode="processes"
						ref="data:dataList3" seperator="~" style="width: 415px;height: 297px;" taskNode="tasks" categoryDepth="2">
					</w2:fwGanttChart>
				</xf:group>
			</xf:group>
			<xf:group id="group21" style="height:400px;">
				<xf:group class="" id="group22" style="position: relative ;width:30%;height:90%;float:left;">
					<w2:textbox id="textbox11" label="dateformat : mm-dd-yyyy"
						style="position: relative;height: 13px;color:black;font-size:13px;background:#aaaaaa;width: 100%;font-weight:bold;border:1px solid #d4d4d4;">
					</w2:textbox>
					<w2:gridView autoFit="allColumn" dataList="dataList2" fixedColumnWithHidden="true" id="gridView5" scrollByColumn="false"
						style="height:250px;" useShiftKey="true">
						<w2:header id="header1" style="">
							<w2:row id="row2" style="">
								<w2:column blockSelect="false" id="column11" style="height:20px" inputType="text" width="70"
									value="processes">
								</w2:column>
								<w2:column blockSelect="false" id="column9" style="height:20px" inputType="text" width="70" value="tasks"></w2:column>
								<w2:column blockSelect="false" id="column7" style="height:20px" inputType="text" width="70"
									value="startDate">
								</w2:column>
								<w2:column blockSelect="false" id="column3" style="height:20px" width="70" inputType="text"
									value="endDate">
								</w2:column>
							</w2:row>
						</w2:header>
						<w2:gBody id="gBody4" style="">
							<w2:row id="row5" style="">
								<w2:column blockSelect="false" id="processes" style="height:20px" inputType="text" width="70"></w2:column>
								<w2:column blockSelect="false" id="tasks" style="height:20px" inputType="text" width="70"></w2:column>
								<w2:column blockSelect="false" id="startDate" style="height:20px" inputType="text" width="70"></w2:column>
								<w2:column blockSelect="false" id="endDate" style="height:20px" width="70" inputType="text"></w2:column>
							</w2:row>
						</w2:gBody>
					</w2:gridView>
				</xf:group>
				<xf:group class="" id="group23" style="position: relative ;width:70%;height:90%;float:left;">
					<w2:textbox id="textbox12" label="fwGanttChart"
						style="position: relative;height: 13px;color:black;font-size:13px;background:#aaaaaa;width: 100%;font-weight:bold;border:1px solid #d4d4d4;">
					</w2:textbox>
					<w2:fwGanttChart startDateNode="startDate" endDateNode="endDate" dateformat="mm-dd-yyyy" timeBase="date" id="fwGanttChart4" processNode="processes"
						ref="data:dataList2" seperator="~" style="width: 715px;height: 297px;" taskNode="tasks"
						monthNames="jan,feb,march,apr,may,june,july,aug,sep,oct,nov,dec" categoryDepth="2" quarterNames="Quarter 1,Quarter 2,Quarter 3,Quarter 4">
					</w2:fwGanttChart>
				</xf:group>
			</xf:group>
			<xf:group id="group27" style="height:400px;">
				<xf:group class="" id="group28" style="position: relative ;width:30%;height:90%;float:left;">
					<w2:textbox id="textbox15" label="dateformat : yyyy/mm/dd"
						style="position: relative;height: 13px;color:black;font-size:13px;background:#aaaaaa;width: 100%;font-weight:bold;border:1px solid #d4d4d4;">
					</w2:textbox>
					<w2:gridView autoFit="allColumn" dataList="dataList5" fixedColumnWithHidden="true" id="gridView7" scrollByColumn="false"
						style="height:250px;" useShiftKey="true">
						<w2:header id="header1" style="">
							<w2:row id="row2" style="">
								<w2:column blockSelect="false" id="column11" style="height:20px" inputType="text" width="70"
									value="processes">
								</w2:column>
								<w2:column blockSelect="false" id="column9" style="height:20px" inputType="text" width="70" value="tasks"></w2:column>
								<w2:column blockSelect="false" id="column7" style="height:20px" inputType="text" width="70"
									value="startDate">
								</w2:column>
								<w2:column blockSelect="false" id="column3" style="height:20px" width="70" inputType="text"
									value="endDate">
								</w2:column>
							</w2:row>
						</w2:header>
						<w2:gBody id="gBody4" style="">
							<w2:row id="row5" style="">
								<w2:column blockSelect="false" id="processes" style="height:20px" inputType="text" width="70"></w2:column>
								<w2:column blockSelect="false" id="tasks" style="height:20px" inputType="text" width="70"></w2:column>
								<w2:column blockSelect="false" id="startDate" style="height:20px" inputType="text" width="70"></w2:column>
								<w2:column blockSelect="false" id="endDate" style="height:20px" width="70" inputType="text"></w2:column>
							</w2:row>
						</w2:gBody>
					</w2:gridView>
				</xf:group>
				<xf:group class="" id="group29" style="position: relative ;width:70%;height:90%;float:left;">
					<w2:textbox id="textbox16" label="fwGanttChart"
						style="position: relative;height: 13px;color:black;font-size:13px;background:#aaaaaa;width: 100%;font-weight:bold;border:1px solid #d4d4d4;">
					</w2:textbox>
					<w2:fwGanttChart startDateNode="startDate" endDateNode="endDate" dateformat="yyyy/mm/dd" timeBase="date" id="fwGanttChart5" processNode="processes"
						ref="data:dataList5" seperator="~" style="width: 415px;height: 297px;" taskNode="tasks" categoryDepth="2">
					</w2:fwGanttChart>
				</xf:group>
			</xf:group>
			<xf:group id="group30" style="height:400px;">
				<xf:group class="" id="group31" style="position: relative ;width:30%;height:90%;float:left;">
					<w2:textbox id="textbox17" label="dateformat : yyyy-mm-dd"
						style="position: relative;height: 13px;color:black;font-size:13px;background:#aaaaaa;width: 100%;font-weight:bold;border:1px solid #d4d4d4;">
					</w2:textbox>
					<w2:gridView autoFit="allColumn" dataList="dataList6" fixedColumnWithHidden="true" id="gridView8" scrollByColumn="false"
						style="height:250px;" useShiftKey="true">
						<w2:header id="header1" style="">
							<w2:row id="row2" style="">
								<w2:column blockSelect="false" id="column11" style="height:20px" inputType="text" width="70"
									value="processes">
								</w2:column>
								<w2:column blockSelect="false" id="column9" style="height:20px" inputType="text" width="70" value="tasks"></w2:column>
								<w2:column blockSelect="false" id="column7" style="height:20px" inputType="text" width="70"
									value="startDate">
								</w2:column>
								<w2:column blockSelect="false" id="column3" style="height:20px" width="70" inputType="text"
									value="endDate">
								</w2:column>
							</w2:row>
						</w2:header>
						<w2:gBody id="gBody4" style="">
							<w2:row id="row5" style="">
								<w2:column blockSelect="false" id="processes" style="height:20px" inputType="text" width="70"></w2:column>
								<w2:column blockSelect="false" id="tasks" style="height:20px" inputType="text" width="70"></w2:column>
								<w2:column blockSelect="false" id="startDate" style="height:20px" inputType="text" width="70"></w2:column>
								<w2:column blockSelect="false" id="endDate" style="height:20px" width="70" inputType="text"></w2:column>
							</w2:row>
						</w2:gBody>
					</w2:gridView>
				</xf:group>
				<xf:group class="" id="group32" style="position: relative ;width:70%;height:90%;float:left;">
					<w2:textbox id="textbox18" label="fwGanttChart"
						style="position: relative;height: 13px;color:black;font-size:13px;background:#aaaaaa;width: 100%;font-weight:bold;border:1px solid #d4d4d4;">
					</w2:textbox>
					<w2:fwGanttChart startDateNode="startDate" endDateNode="endDate" dateformat="yyyy-mm-dd" timeBase="date" id="fwGanttChart6"
						monthNames="jan,feb,march,apr,may,june,july,aug,sep,oct,nov,dec" processNode="processes" ref="data:dataList6"
						style="width: 715px;height: 297px;" taskNode="tasks" categoryDepth="2">
					</w2:fwGanttChart>
				</xf:group>
			</xf:group>
		</xf:group>
	</body>
</html>