<?xml version="1.0" encoding="UTF-8"?>
<html xmlns="http://www.w3.org/1999/xhtml" xmlns:ev="http://www.w3.org/2001/xml-events" xmlns:w2="http://www.inswave.com/websquare"
	xmlns:xf="http://www.w3.org/2002/xforms">
	<head>
		<w2:type>DEFAULT</w2:type>
		<w2:buildDate />
		<xf:model>
			<xf:instance>
				<data xmlns="" />
			</xf:instance>
			<w2:dataCollection baseNode="map">
				<w2:dataList baseNode="list" id="dataList1" style="" saveRemovedData="true" repeatNode="map">
					<w2:columnInfo>
						<w2:column id="value" name="value" dataType="text"></w2:column>
					</w2:columnInfo>
					<w2:data use="true">
						<w2:row>
							<value><![CDATA[100]]></value>
						</w2:row>
						<w2:row>
							<value><![CDATA[20]]></value>
						</w2:row>
						<w2:row>
							<value><![CDATA[70]]></value>
						</w2:row>
						<w2:row>
							<value><![CDATA[60]]></value>
						</w2:row>
						<w2:row>
							<value><![CDATA[80]]></value>
						</w2:row>
					</w2:data>
				</w2:dataList>
				<w2:dataList baseNode="list" id="dataList2" style="" saveRemovedData="true" repeatNode="map">
					<w2:columnInfo>
						<w2:column id="value" name="value" dataType="text"></w2:column>
					</w2:columnInfo>
				</w2:dataList>
			</w2:dataCollection>
		</xf:model>
		<script type="text/javascript" lazy="false"><![CDATA[
        
	scwin.onpageload = function() {
		var data1 = [{"value":"13"},{"value":"51"},{"value":"28"},{"value":"36"},{"value":"45"},{"value":"15"},{"value":"64"},{"value":"47"},{"value":"49"},{"value":"91"}];
           dataList2.setJSON(data1,false);
           fwGaugeChart3.draw();			
	};
	
	scwin.onpageunload = function() {
		
	};
         
	scwin.trigger6_onclick = function(e) {
		var value = input1.getValue();
		fwGaugeChart4.setValue(value);		
	};
	
	scwin.trigger7_onclick = function(e) {
		var value = fwGaugeChart4.getValue();
		textbox23.setValue("value : "+value);		
	};
	
	scwin.selectbox4_onchange = function() {
		var chartType = selectbox4.getValue();
    	fwGaugeChart4.changeType(chartType);
	};
	
	scwin.selectbox1_onchange = function() {
		var chartType = selectbox1.getValue();
    	fwGaugeChart1.changeType(chartType);
	};
	
	scwin.selectbox2_onchange = function() {
		var chartType = selectbox2.getValue();
    	fwGaugeChart2.changeType(chartType);
	};
	
	scwin.selectbox3_onchange = function() {
		var chartType = selectbox3.getValue();
    	fwGaugeChart3.changeType(chartType);
	};
	
	scwin.trigger1_onclick = function(e) {
		var info = {};
		info.dataStreamURL = "http://192.168.150.55:8080/StockPrice2.jsp";
		info.refreshInterval = 1;
		fwGaugeChart3.setDataStreamInfo(info);
		fwGaugeChart3.draw();
	};
	
	scwin.trigger3_onclick = function(e) {
		fwGaugeChart3.stopUpdate();
	};
	
	scwin.trigger4_onclick = function(e) {
		fwGaugeChart3.restartUpdate();
	};
	]]></script>
	</head>
	<body ev:onpageload="scwin.onpageload" ev:onpageunload="scwin.onpageunload">
		<xf:group class="" id="group1" style="position: relative ;border: 1px solid black;top:15px;left:20px;width:98%;height:100%;">
			<w2:textbox id="textbox6" label="fwGaugeChart"
				style="position: relative;height: 31px;color:white;font-size:30px;background:#4272d4;width: 100%;border:1px solid #d4d4d4;font-weight:bold;">
			</w2:textbox>
			<xf:group id="group37" style="height:300px;">
				<xf:group class="" id="group38" style="position: relative ;width:30%;height:90%;float:left;">
					<xf:group id="group40" style="height:32px;margin-top:10px;margin-bottom:10px;">
						<xf:input id="input1" style="width: 82px;height: 30px;float:left;margin-top:5px;margin-left:5px;margin-right:5px;"></xf:input>
						<xf:trigger id="trigger6" style="width: 63px;height: 30px;margin-top:5px;" type="button" ev:onclick="scwin.trigger6_onclick">
							<xf:label><![CDATA[setValue]]></xf:label>
						</xf:trigger>
					</xf:group>
				<xf:group id="group41" style="height:30px;"><w2:textbox id="textbox23" style="width: 150px;height: 30px;font-size:30px;font-style:bold;float:left;margin-left:5px;" label="value : "></w2:textbox>
					<xf:trigger id="trigger7" style="width: 71px;height: 30px;margin-left:5px;" type="button" ev:onclick="scwin.trigger7_onclick">
						<xf:label><![CDATA[getValue]]></xf:label>
					</xf:trigger></xf:group></xf:group>
				<xf:group class="" id="group39" style="position: relative ;width:70%;height:90%;float:left;">
					<xf:select1 allOption="" appearance="minimal" chooseOption="" direction="auto" disabled="false"
						disabledClass="w2selectbox_disabled" displayMode="label" id="selectbox4" style="width: 170px;height: 30px;margin:10px;"
						submenuSize="auto" ev:onchange="scwin.selectbox4_onchange">
						<xf:choices>
							<xf:item>
								<xf:label><![CDATA[angulargauge]]></xf:label>
								<xf:value><![CDATA[angulargauge]]></xf:value>
							</xf:item>
							<xf:item>
								<xf:label><![CDATA[bulb]]></xf:label>
								<xf:value><![CDATA[bulb]]></xf:value>
							</xf:item>
							<xf:item>
								<xf:label><![CDATA[hlineargauge]]></xf:label>
								<xf:value><![CDATA[hlineargauge]]></xf:value>
							</xf:item>
							<xf:item>
								<xf:label><![CDATA[thermometer]]></xf:label>
								<xf:value><![CDATA[thermometer]]></xf:value>
							</xf:item>
							<xf:item>
								<xf:label><![CDATA[vled]]></xf:label>
								<xf:value><![CDATA[vled]]></xf:value>
							</xf:item>
							<xf:item>
								<xf:label><![CDATA[cylinder]]></xf:label>
								<xf:value><![CDATA[cylinder]]></xf:value>
							</xf:item>
							<xf:item>
								<xf:label><![CDATA[hled]]></xf:label>
								<xf:value><![CDATA[hled]]></xf:value>
							</xf:item>
						</xf:choices>
					</xf:select1>
					<w2:fwGaugeChart chartType="angulargauge" id="fwGaugeChart4" ref=""
						style="width: 300px;height: 250px; margin:10px;">
					</w2:fwGaugeChart>
				</xf:group>
			</xf:group>
			<xf:group id="group12" style="height:300px;margin-top:10px;">
				<xf:group id="group2" style="position: relative ;width:30%;height:90%;float:left;" class="">
					<w2:textbox id="textbox4"
						style="position: relative;height: 5%;color:black;font-size:13px;background:#aaaaaa;width: 100%;font-weight:bold;border:1px solid #d4d4d4;"
						label="dataList">
					</w2:textbox>
					<w2:gridView dataList="dataList1" id="gridView1" autoFit="allColumn" style="width: 100%;height: 300px;"
						scrollByColumn="false" useShiftKey="true" fixedColumnWithHidden="true">
						<w2:header id="header1" style="">
							<w2:row id="row2" style="">
								<w2:column blockSelect="false" id="column3" style="height:20px" width="70" inputType="text" value="value">
								</w2:column>
							</w2:row>
						</w2:header>
						<w2:gBody id="gBody4" style="">
							<w2:row id="row5" style="">
								<w2:column blockSelect="false" id="value" style="height:20px" width="70" inputType="text"></w2:column>
							</w2:row>
						</w2:gBody>
					</w2:gridView>
				</xf:group>
				<xf:group id="group3" style="position: relative ;width:70%;height:90%;float:left;" class="">
					<xf:select1 allOption="" appearance="minimal" chooseOption="" direction="auto" disabled="false"
						disabledClass="w2selectbox_disabled" displayMode="label" id="selectbox1" style="width: 170px;height: 30px;margin:10px;"
						submenuSize="auto" ev:onchange="scwin.selectbox1_onchange">
						<xf:choices>
							<xf:item>
								<xf:label><![CDATA[angulargauge]]></xf:label>
								<xf:value><![CDATA[angulargauge]]></xf:value>
							</xf:item>
							<xf:item>
								<xf:label><![CDATA[bulb]]></xf:label>
								<xf:value><![CDATA[bulb]]></xf:value>
							</xf:item>
							<xf:item>
								<xf:label><![CDATA[hlineargauge]]></xf:label>
								<xf:value><![CDATA[hlineargauge]]></xf:value>
							</xf:item>
							<xf:item>
								<xf:label><![CDATA[thermometer]]></xf:label>
								<xf:value><![CDATA[thermometer]]></xf:value>
							</xf:item>
							<xf:item>
								<xf:label><![CDATA[vled]]></xf:label>
								<xf:value><![CDATA[vled]]></xf:value>
							</xf:item>
							<xf:item>
								<xf:label><![CDATA[cylinder]]></xf:label>
								<xf:value><![CDATA[cylinder]]></xf:value>
							</xf:item>
							<xf:item>
								<xf:label><![CDATA[hled]]></xf:label>
								<xf:value><![CDATA[hled]]></xf:value>
							</xf:item>
						</xf:choices>
					</xf:select1>
					<w2:fwGaugeChart id="fwGaugeChart1" chartType="angulargauge" ref="data:dataList1"
						style="width: 300px;height: 250px; margin:10px;" valueNode="value">
					</w2:fwGaugeChart>
				</xf:group>
			</xf:group>
			<xf:group id="group31" style="height:300px;margin-top:10px;">
				<xf:group class="" id="group32" style="position: relative ;width:30%;height:90%;float:left;">
					<w2:textbox id="textbox20" label="dataList realtime"
						style="position: relative;height: 5%;color:black;font-size:13px;background:#aaaaaa;width: 100%;font-weight:bold;border:1px solid #d4d4d4;">
					</w2:textbox>
					<w2:gridView autoFit="allColumn" dataList="dataList2" fixedColumnWithHidden="true" id="gridView9" scrollByColumn="false"
						style="width: 100%;height: 300px;" useShiftKey="true">
						<w2:header id="header1" style="">
							<w2:row id="row2" style="">
								<w2:column blockSelect="false" id="column3" style="height:20px" width="70" inputType="text" value="value"></w2:column>
							</w2:row>
						</w2:header>
						<w2:gBody id="gBody4" style="">
							<w2:row id="row5" style="">
								<w2:column blockSelect="false" id="value" style="height:20px" width="70" inputType="text"></w2:column>
							</w2:row>
						</w2:gBody>
					</w2:gridView>
				</xf:group>
				<xf:group class="" id="group33" style="position: relative ;width:70%;height:90%;float:left;">
					<xf:select1 allOption="" appearance="minimal" chooseOption="" direction="auto" disabled="false"
						disabledClass="w2selectbox_disabled" displayMode="label" id="selectbox2" style="width: 170px;height: 30px;margin:10px;"
						submenuSize="auto" ev:onchange="scwin.selectbox2_onchange">
						<xf:choices>
							<xf:item>
								<xf:label><![CDATA[angulargauge]]></xf:label>
								<xf:value><![CDATA[angulargauge]]></xf:value>
							</xf:item>
							<xf:item>
								<xf:label><![CDATA[bulb]]></xf:label>
								<xf:value><![CDATA[bulb]]></xf:value>
							</xf:item>
							<xf:item>
								<xf:label><![CDATA[hlineargauge]]></xf:label>
								<xf:value><![CDATA[hlineargauge]]></xf:value>
							</xf:item>
							<xf:item>
								<xf:label><![CDATA[thermometer]]></xf:label>
								<xf:value><![CDATA[thermometer]]></xf:value>
							</xf:item>
							<xf:item>
								<xf:label><![CDATA[vled]]></xf:label>
								<xf:value><![CDATA[vled]]></xf:value>
							</xf:item>
							<xf:item>
								<xf:label><![CDATA[cylinder]]></xf:label>
								<xf:value><![CDATA[cylinder]]></xf:value>
							</xf:item>
							<xf:item>
								<xf:label><![CDATA[hled]]></xf:label>
								<xf:value><![CDATA[hled]]></xf:value>
							</xf:item>
						</xf:choices>
					</xf:select1>
					<w2:fwGaugeChart chartType="angulargauge" id="fwGaugeChart2" ref="data:dataList2"
						style="width: 300px;height: 250px; margin:10px" realtime="true" refreshInterval="1" valueNode="value">
					</w2:fwGaugeChart>
				</xf:group>
			</xf:group>
			<xf:group id="group34" style="height:300px;margin-top:10px;">
				<xf:group class="" id="group35" style="position: relative ;width:30%;height:90%;float:left;">
					<w2:textbox id="textbox21" label="native realtime"
						style="position: relative;height: 5%;color:black;font-size:13px;background:#aaaaaa;width: 100%;font-weight:bold;border:1px solid #d4d4d4;">
					</w2:textbox>
					<xf:trigger type="button" id="trigger1" style="width: 96px;height: 24px;float:left;margin:5px;" ev:onclick="scwin.trigger1_onclick">
						<xf:label><![CDATA[start]]></xf:label>
					</xf:trigger>
					<xf:trigger id="trigger3" style="width: 96px;height: 24px;margin:5px;" type="button" ev:onclick="scwin.trigger3_onclick">
						<xf:label><![CDATA[stopUpdate]]></xf:label>
					</xf:trigger>
					<xf:trigger id="trigger4" style="width: 96px;height: 24px;margin:5px;" type="button" ev:onclick="scwin.trigger4_onclick">
						<xf:label><![CDATA[restartUpdate]]></xf:label>
					</xf:trigger>
				</xf:group>
				<xf:group class="" id="group36" style="position: relative ;width:70%;height:90%;float:left;">
					<xf:select1 allOption="" appearance="minimal" chooseOption="" direction="auto" disabled="false"
						disabledClass="w2selectbox_disabled" displayMode="label" id="selectbox3" style="width: 170px;height: 30px;margin:10px;"
						submenuSize="auto" ev:onchange="scwin.selectbox3_onchange">
						<xf:choices>
							<xf:item>
								<xf:label><![CDATA[angulargauge]]></xf:label>
								<xf:value><![CDATA[angulargauge]]></xf:value>
							</xf:item>
							<xf:item>
								<xf:label><![CDATA[bulb]]></xf:label>
								<xf:value><![CDATA[bulb]]></xf:value>
							</xf:item>
							<xf:item>
								<xf:label><![CDATA[hlineargauge]]></xf:label>
								<xf:value><![CDATA[hlineargauge]]></xf:value>
							</xf:item>
							<xf:item>
								<xf:label><![CDATA[thermometer]]></xf:label>
								<xf:value><![CDATA[thermometer]]></xf:value>
							</xf:item>
							<xf:item>
								<xf:label><![CDATA[vled]]></xf:label>
								<xf:value><![CDATA[vled]]></xf:value>
							</xf:item>
							<xf:item>
								<xf:label><![CDATA[cylinder]]></xf:label>
								<xf:value><![CDATA[cylinder]]></xf:value>
							</xf:item>
							<xf:item>
								<xf:label><![CDATA[hled]]></xf:label>
								<xf:value><![CDATA[hled]]></xf:value>
							</xf:item>
						</xf:choices>
					</xf:select1>
					<w2:fwGaugeChart chartType="angulargauge" id="fwGaugeChart3" ref=""
						style="width: 300px;height: 250px; margin:10px" realtime="true" refreshInterval="1" dataStreamUrl="http://192.168.150.55:8080/StockPrice.jsp">
					</w2:fwGaugeChart>
				</xf:group>
			</xf:group>
		</xf:group>
	</body>
</html>