<?xml version="1.0" encoding="UTF-8" standalone="no"?>
<html xmlns="http://www.w3.org/1999/xhtml" xmlns:ev="http://www.w3.org/2001/xml-events" xmlns:w2="http://www.inswave.com/websquare"
	xmlns:xf="http://www.w3.org/2002/xforms">
	<head>
		<w2:type>DEFAULT</w2:type>
		<w2:buildDate />
		<xf:model>
			<xf:instance>
				<data xmlns="" />
			</xf:instance>
			<w2:dataCollection baseNode="map">
				<w2:dataList baseNode="list" id="dataList1" repeatNode="map" saveRemovedData="true" style="">
					<w2:columnInfo>
						<w2:column dataType="text" id="processes" name="processes"></w2:column>
						<w2:column dataType="text" id="tasks" name="tasks"></w2:column>
						<w2:column dataType="text" id="taskId" name="taskId"></w2:column>
						<w2:column id="startDate" name="startDate" dataType="text"></w2:column>
						<w2:column id="endDate" name="endDate" dataType="text"></w2:column>
					</w2:columnInfo>
				</w2:dataList>
			</w2:dataCollection>
			<xf:submission id="submission1"
				target='data:json,{"id":"dataList1","action":"all"}' action="../widgets/test.json" method="post" mediatype="application/json"
				encoding="UTF-8" instance="" replace="" errorHandler="" customHandler="" mode="asynchronous" processMsg="" singleMode="true" ref="">
			</xf:submission>
		</xf:model>
		<script type="text/javascript" lazy="false"><![CDATA[
        
	scwin.onpageload = function() {
		$p.executeSubmission("submission1");
	};
	
	scwin.onpageunload = function() {
		
	};
		
	scwin.trigger11_onclick = function(e) {
		var data = {"category":[{"start":"02/01/2015","end":"03/31/2015","label":"1분기"},{"start":"04/01/2015","end":"06/30/2015","label":"2분기"},{"start":"07/01/2015","end":"09/30/2015","label":"3분기"}]};
		fwGanttChart1.addCategories(data);
		fwGanttChart1.draw();		
	};
	
	scwin.trigger4_onclick = function(e) {
		var data = {"category":[{"start":"02/01/2015","end":"02/28/2015","label":"2월"},{"start":"03/01/2015","end":"03/31/2015","label":"3월"},{"start":"04/01/2015","end":"04/30/2015","label":"4월"},{"start":"05/01/2015","end":"05/31/2015","label":"5월"},{"start":"06/01/2015","end":"06/30/2015","label":"6월"},{"start":"07/01/2015","end":"07/31/2015","label":"7월"},{"start":"08/01/2015","end":"08/31/2015","label":"8월"},{"start":"09/01/2015","end":"09/30/2015","label":"9월"}]};
		fwGanttChart1.setCategories(data);
		fwGanttChart1.draw();		
	};
	
	scwin.trigger5_onclick = function(e) {
		var data = {"align":"right","hoverBandColor":"990000","isBold":"1","fontSize":"15"};
		fwGanttChart1.setProcessesAttribute(data);
		fwGanttChart1.draw();		
	};
	
	scwin.trigger6_onclick = function(e) {
		var data = {"fontcolor":"ff0000","showenddate":"1","fontSize":"20"};
		fwGanttChart1.setTasksAttribute(data);
		fwGanttChart1.draw();		
	};
	
	scwin.trigger7_onclick = function(e) {
		var data = {"line":[{"start":"07/09/2015","displayValue":"Testing Start","color":"ff0000","thickness":"2","dashed":"1"}]};
		fwGanttChart1.setTrendLine(data);
		fwGanttChart1.draw();		
	};
	
	scwin.trigger8_onclick = function(e) {
		var data = {"date": "05/01/2015",
	                "taskid": "3",
	                "color": "#f8bd19",
	                "shape": "star",
	                "tooltext": "테스트 MileStones"};
	                
		fwGanttChart1.setMilestone(data);
		fwGanttChart1.draw();		
	};
	
	scwin.trigger9_onclick = function(e) {
		var s = {
                 	"fromtaskid": "2",
                 	"totaskid": "1",
                 	"thickness": "2"
             	};
		fwGanttChart1.setConnector(s);
		fwGanttChart1.draw();		
	};
	
	scwin.trigger10_onclick = function(e) {
		fwGanttChart1.exportJSChart("pdf");
	};
	]]></script>
	</head>
	<body ev:onpageload="scwin.onpageload" ev:onpageunload="scwin.onpageunload">
		<xf:group class="" id="group1" style="position: relative ;border: 1px solid black;top:15px;left:20px;width:98%;height:100%;">
			<w2:textbox id="textbox6" label="fwGanttChart"
				style="position: relative;height: 32px;color:white;font-size:30px;background:#4272d4;width: 100%;border:1px solid #d4d4d4;font-weight:bold;">
			</w2:textbox>
			<xf:group id="group12" style="height:400px;">
				<xf:group class="" id="group13" style="position: relative ;width:40%;height:90%;float:left;">
					<w2:textbox id="textbox1" label="dataList structure 1"
						style="position: relative;height: 13px;color:black;font-size:13px;background:#aaaaaa;width: 100%;font-weight:bold;border:1px solid #d4d4d4;">
					</w2:textbox>
					<w2:gridView dataList="dataList1" scrollByColumn="false" id="gridView1" style="height:300px;"
						fixedColumnWithHidden="true" useShiftKey="true" autoFit="allColumn">
						<w2:header id="header1" style="">
							<w2:row id="row2" style="">
								<w2:column blockSelect="false" id="column13" style="height:20px" inputType="text" width="70"
									value="processes">
								</w2:column>
								<w2:column blockSelect="false" id="column11" style="height:20px" inputType="text" width="70"
									value="tasks">
								</w2:column>
								<w2:column blockSelect="false" id="column9" style="height:20px" inputType="text" width="70"
									value="taskId">
								</w2:column>
								<w2:column blockSelect="false" id="column7" style="height:20px" inputType="text" width="70"
									value="startDate">
								</w2:column>
								<w2:column blockSelect="false" id="column3" style="height:20px" width="70" inputType="text"
									value="endDate">
								</w2:column>
							</w2:row>
						</w2:header>
						<w2:gBody id="gBody4" style="">
							<w2:row id="row5" style="">
								<w2:column blockSelect="false" id="processes" style="height:20px" inputType="text" width="70"></w2:column>
								<w2:column blockSelect="false" id="tasks" style="height:20px" inputType="text" width="70"></w2:column>
								<w2:column blockSelect="false" id="taskId" style="height:20px" inputType="text" width="70"></w2:column>
								<w2:column blockSelect="false" id="startDate" style="height:20px" inputType="text" width="70"></w2:column>
								<w2:column blockSelect="false" id="endDate" style="height:20px" width="70" inputType="text"></w2:column>
							</w2:row>
						</w2:gBody>
					</w2:gridView>
				</xf:group>
				<xf:group class="" id="group14" style="position: relative ;width:60%;height:90%;float:left;">
					<w2:textbox id="textbox2" label="fwGanttChart"
						style="position: relative;height: 13px;color:black;font-size:13px;background:#aaaaaa;width: 100%;font-weight:bold;border:1px solid #d4d4d4;">
					</w2:textbox>
					<w2:fwGanttChart id="fwGanttChart1" processNode="processes" ref="data:dataList1" taskNode="tasks"
						style="width: 415px;height: 297px;" taskIdNode="taskId" startDateNode="startDate" endDateNode="endDate" timeBase="date" dateformat="mm/dd/yyyy"  categoryDepth="3">
					</w2:fwGanttChart>
				</xf:group>
				<xf:group id="group27" style="position: relative ;height:35px;float:left;">
					<xf:trigger id="trigger11" style="width: 100px;height: 35px;margin:5px;" type="button" ev:onclick="scwin.trigger11_onclick">
						<xf:label><![CDATA[addCategories]]></xf:label>
					</xf:trigger><xf:trigger id="trigger4" style="width: 100px;height: 35px;margin:5px;" type="button" ev:onclick="scwin.trigger4_onclick">
						<xf:label><![CDATA[setCategories]]></xf:label>
					</xf:trigger>
					<xf:trigger id="trigger5" style="width: 100px;height: 35px;margin:5px;" type="button" ev:onclick="scwin.trigger5_onclick">
						<xf:label><![CDATA[setProcessesAttribute]]></xf:label>
					</xf:trigger>
					<xf:trigger id="trigger6" style="width: 100px;height: 35px;margin:5px;" type="button" ev:onclick="scwin.trigger6_onclick">
						<xf:label><![CDATA[setTasksAttribute]]></xf:label>
					</xf:trigger>
					<xf:trigger id="trigger7" style="width: 100px;height: 35px;margin:5px;" type="button" ev:onclick="scwin.trigger7_onclick">
						<xf:label><![CDATA[setTrendLine]]></xf:label>
					</xf:trigger>
					<xf:trigger id="trigger8" style="width: 100px;height: 35px;margin:5px;" type="button" ev:onclick="scwin.trigger8_onclick">
						<xf:label><![CDATA[setMilestone]]></xf:label>
					</xf:trigger>
					<xf:trigger id="trigger9" style="width: 100px;height: 35px;margin:5px;" type="button" ev:onclick="scwin.trigger9_onclick">
						<xf:label><![CDATA[setConnector]]></xf:label>
					</xf:trigger>
					<xf:trigger id="trigger10" style="width: 100px;height: 35px;margin:5px;" type="button" ev:onclick="scwin.trigger10_onclick">
						<xf:label><![CDATA[exportJSChart]]></xf:label>
					</xf:trigger>
					
				</xf:group></xf:group>
		</xf:group>
	</body>
</html>