<?xml version="1.0" encoding="UTF-8"?>
<html xmlns="http://www.w3.org/1999/xhtml" xmlns:ev="http://www.w3.org/2001/xml-events" xmlns:w2="http://www.inswave.com/websquare"
	xmlns:xf="http://www.w3.org/2002/xforms">
	<head>
		<w2:type>DEFAULT</w2:type>
		<w2:buildDate />
		<xf:model>
			<xf:instance>
				<data xmlns="" />
			</xf:instance>
			<w2:dataCollection baseNode="map">
				<w2:dataList id="dataList1" baseNode="list" style="" repeatNode="map">
					<w2:columnInfo>
						<w2:column id="label" name="label" dataType="text"></w2:column>
						<w2:column id="series1" name="value" dataType="number"></w2:column>
					</w2:columnInfo>
					<w2:data use="true">
						<w2:row>
							<label><![CDATA[Website Visits]]></label>
							<series1><![CDATA[1460000]]></series1>
						</w2:row>
						<w2:row>
							<label><![CDATA[Programme Details Section Visits]]></label>
							<series1><![CDATA[930000]]></series1>
						</w2:row>
						<w2:row>
							<label><![CDATA[Attempts to Register]]></label>
							<series1><![CDATA[540000]]></series1>
						</w2:row>
						<w2:row>
							<label><![CDATA[Successful Registrations]]></label>
							<series1><![CDATA[210000]]></series1>
						</w2:row>
						<w2:row>
							<label><![CDATA[Logged In]]></label>
							<series1><![CDATA[190000]]></series1>
						</w2:row>
						<w2:row>
							<label><![CDATA[Purchased on Introductory Offers]]></label>
							<series1><![CDATA[120000]]></series1>
						</w2:row>
					</w2:data>
				</w2:dataList>
				<w2:dataList baseNode="list" id="dataList2" style="" saveRemovedData="true" repeatNode="map">
					<w2:columnInfo>
						<w2:column id="label" name="label" dataType="text"></w2:column>
						<w2:column id="value" name="value" dataType="text"></w2:column>
					</w2:columnInfo>
					<w2:data use="true">
						<w2:row>
							<label><![CDATA[Website Visits]]></label>
							<value><![CDATA[1460000]]></value>
						</w2:row>
						<w2:row>
							<label><![CDATA[Programme Details Section Visits]]></label>
							<value><![CDATA[930000]]></value>
							
						</w2:row>
						<w2:row>
							<label><![CDATA[Attempts to Register]]></label>
							<value><![CDATA[540000]]></value>
							
						</w2:row>
						<w2:row>
							<label><![CDATA[Successful Registrations]]></label>
							<value><![CDATA[210000]]></value>
							
						</w2:row>
						<w2:row>
							<label><![CDATA[Logged In]]></label>
							<value><![CDATA[190000]]></value>
							
						</w2:row>
						<w2:row>
							<label><![CDATA[Purchased on Introductory Offers]]></label>
							<value><![CDATA[120000]]></value>
							
						</w2:row>
					</w2:data>
				</w2:dataList>
			</w2:dataCollection>
		</xf:model>
		<script type="text/javascript" lazy="false"><![CDATA[
        
		scwin.onpageload = function() {
			
		};
		
		scwin.onpageunload = function() {
			
		};
			
         ]]></script>
	</head>
	<body ev:onpageload="scwin.onpageload" ev:onpageunload="scwin.onpageunload">
		<xf:group class="" id="group1" style="position: relative ;border: 1px solid black;top:15px;left:20px;width:98%;height:100%">
			<w2:textbox id="textbox6" label="fwPyramidChart"
				style="position: relative;height: 31px;color:white;font-size:30px;background:#4272d4;width: 100%;border:1px solid #d4d4d4;font-weight:bold;">
			</w2:textbox>
			<xf:group id="group11" style="height:360px;">
				<xf:group id="group2" style="position: relative ;width:30%;height:90%;float:left;" class="">
					<w2:textbox id="textbox4"
						style="position: relative;height: 5%;color:black;font-size:13px;background:#aaaaaa;width: 100%;font-weight:bold;border:1px solid #d4d4d4;"
						label="dataList ( SeriseType : advanced )">
					</w2:textbox>
					<w2:gridView id="gridView1" dataList="dataList1" style="width: 100%;height: 300px;" useShiftKey="true"
						scrollByColumn="false" fixedColumnWithHidden="true" autoFit="allColumn">
						<w2:header id="header1" style="">
							<w2:row id="row2" style="">
								<w2:column id="column7" blockSelect="false" style="height:20px" width="70" inputType="text" value="label"></w2:column>
								<w2:column id="column3" blockSelect="false" style="height:20px" inputType="text" width="70" value="value"></w2:column>
							</w2:row>
						</w2:header>
						<w2:gBody id="gBody4" style="">
							<w2:row id="row5" style="">
								<w2:column id="label" blockSelect="false" style="height:20px" width="70" inputType="text"></w2:column>
								<w2:column id="series1" blockSelect="false" style="height:20px" inputType="text" width="70"></w2:column>
							</w2:row>
						</w2:gBody>
					</w2:gridView>
				</xf:group>
				<xf:group id="group3" style="position: relative ;width:70%;height:90%;float:left;" class="">
					<w2:textbox id="textbox5"
						style="position: relative;height: 5%;color:black;font-size:13px;background:#aaaaaa;width: 100%;font-weight:bold;border:1px solid #d4d4d4;"
						label="fwPyramidChart">
					</w2:textbox>
					<w2:fwPyramidChart id="fwPyramidChart1" seriesNode="" ref="data:dataList1" valueNode="" seriesColumns="[['series1']]"
						style="width: 300px;height: 250px;" seriesType="advanced" labelNode="label" accessibility="true">
					</w2:fwPyramidChart>
				</xf:group>
			</xf:group>
			<xf:group id="group12" style="height:360px;">
				<xf:group class="" id="group13" style="position: relative ;width:30%;height:90%;float:left;">
					<w2:textbox id="textbox1" label="dataList ( SeriseType : simple )"
						style="position: relative;height: 5%;color:black;font-size:13px;background:#aaaaaa;width: 100%;font-weight:bold;border:1px solid #d4d4d4;">
					</w2:textbox>
					<w2:gridView dataList="dataList2" fixedColumnWithHidden="true" id="gridView2" scrollByColumn="false"
						style="width: 100%;height: 300px;" useShiftKey="true" autoFit="allColumn">
						<w2:header id="header1" style="">
							<w2:row id="row2" style="">
								<w2:column blockSelect="false" id="column9" style="height:20px" inputType="text" width="70" value="label"></w2:column>
								<w2:column blockSelect="false" id="column3" style="height:20px" width="70" inputType="text" value="value"></w2:column>
							</w2:row>
						</w2:header>
						<w2:gBody id="gBody4" style="">
							<w2:row id="row5" style="">
								<w2:column blockSelect="false" id="label" style="height:20px" inputType="text" width="70"></w2:column>
								<w2:column blockSelect="false" id="value" style="height:20px" width="70" inputType="text"></w2:column>
							</w2:row>
						</w2:gBody>
					</w2:gridView>
				</xf:group>
				<xf:group class="" id="group14" style="position: relative ;width:70%;height:90%;float:left;">
					<w2:textbox id="textbox2" label="fwPyramidChart"
						style="position: relative;height: 5%;color:black;font-size:13px;background:#aaaaaa;width: 100%;font-weight:bold;border:1px solid #d4d4d4;">
					</w2:textbox>
					<w2:fwPyramidChart accessibility="true" id="fwPyramidChart2" labelNode="label" ref="data:dataList2"
						seriesColumns="" seriesNode="" seriesType="simple" style="width: 300px;height: 250px;" valueNode="value">
					</w2:fwPyramidChart>
				</xf:group>
			</xf:group>
		</xf:group>
	</body>
</html>