<?xml version="1.0" encoding="UTF-8"?>
<html xmlns="http://www.w3.org/1999/xhtml" xmlns:ev="http://www.w3.org/2001/xml-events" xmlns:w2="http://www.inswave.com/websquare" xmlns:xf="http://www.w3.org/2002/xforms">
	<head>
		<w2:type>DEFAULT</w2:type>
		<w2:buildDate/>
		<xf:model>
			<xf:instance>
				<data xmlns="" />
			</xf:instance>
			<w2:dataCollection baseNode="map">
				<w2:dataList baseNode="list" id="dataList1" repeatNode="map" saveRemovedData="true" style="">
					<w2:columnInfo>
						<w2:column dataType="text" id="label" name="label" />
						<w2:column dataType="text" id="series" name="series" />
						<w2:column dataType="text" id="value" name="value" />
					</w2:columnInfo>
				</w2:dataList>
			</w2:dataCollection>
			<xf:submission id="submission1" ref="" target='data:json,{"id":"dataList1","action":"modified"}'
				action="../widgets/realtime.json" method="post" mediatype="application/json" encoding="UTF-8" instance="" replace="" errorHandler=""
				customHandler="" mode="asynchronous" processMsg="" singleMode="true">
			</xf:submission>
			<xf:submission id="submission2" ref="" target='data:json,{"id":"dataList1","action":"updated"}' action="../realtime.jsp"
				method="post" mediatype="application/json" encoding="UTF-8" instance="" replace="" errorHandler="" customHandler="" mode="asynchronous"
				processMsg="" singleMode="true">
			</xf:submission>
		</xf:model>
		<script type="text/javascript" lazy="false"><![CDATA[
        
	scwin.onpageload = function() {
		scwin.doInit();
	};
	
	scwin.onpageunload = function() {
		
	};

	/** === Code added after the conversion === */

	scwin.trigger5_onclick = function(e) {

		fwRealtimeChart1.stopUpdate();

	};

	scwin.trigger6_onclick = function(e) {

		fwRealtimeChart1.restartUpdate();

	};

	scwin.trigger8_onclick = function(e) {

		fwRealtimeChart1.clearChart();

	};

	scwin.trigger9_onclick = function(e) {

		alert(fwRealtimeChart1.isUpdateActive());

	};

	scwin.selectbox2_onchange = function() {

		fwRealtimeChart1.changeType(selectbox2.getValue());

	};

	/** ======================================= */
	scwin.doInit = function() {
		$p.executeSubmission("submission2");
	};
	
]]></script>
	</head>
	<body ev:onpageload="scwin.onpageload" ev:onpageunload="scwin.onpageunload">
		<xf:group class="" id="group1" style="position: relative ;border: 1px solid black;top:15px;left:20px;width:98%;height:400px;">
			<w2:textbox id="textbox6" label="fwRealtimeChart_dataList" style="position: relative;height: 31px;color:white;font-size:30px;background:#4272d4;width: 100%;border:1px solid #d4d4d4;font-weight:bold;">
			</w2:textbox>
			<xf:group id="group11" style="height:360px;">
				<xf:group class="" id="group2" style="position: relative ;width:30%;height:90%;float:left;">
					<w2:textbox id="textbox4" label="dataList ( SeriseType : simple )" style="position: relative;height: 5%;color:black;font-size:13px;background:#aaaaaa;width: 100%;font-weight:bold;border:1px solid #d4d4d4;">
					</w2:textbox>
					<xf:trigger ev:onclick="scwin.trigger5_onclick" id="trigger5" style="width: 100px;height: 30px;margin:10px;" type="button">
						<xf:label><![CDATA[stopUpdate]]></xf:label>
					</xf:trigger>
					<xf:trigger ev:onclick="scwin.trigger6_onclick" id="trigger6" style="width: 100px;height: 30px;margin:10px;" type="button">
						<xf:label><![CDATA[restartUpdate]]></xf:label>
						
					</xf:trigger>
					<xf:trigger ev:onclick="scwin.trigger8_onclick" id="trigger8" style="width: 100px; height: 30px; margin:10px;" type="button">
						<xf:label><![CDATA[clearChart]]></xf:label>
						
					</xf:trigger>
					<xf:trigger ev:onclick="scwin.trigger9_onclick" id="trigger9" style="width: 100px;height: 30px;margin:10px;" type="button">
						<xf:label><![CDATA[isUpdateActive]]></xf:label>
						
					</xf:trigger>
				</xf:group>
				<xf:group class="" id="group3" style="position: relative ;width:70%;height:90%;float:left;">
					<xf:select1 allOption="" appearance="minimal" chooseOption="" direction="auto" disabled="false" disabledClass="w2selectbox_disabled" displayMode="label" ev:onchange="scwin.selectbox2_onchange" id="selectbox2" style="width: 122px;height: 30px;margin:10px;" submenuSize="auto">
						<xf:choices>
							<xf:item>
								<xf:label><![CDATA[realtimecolumn]]></xf:label>
								<xf:value><![CDATA[realtimecolumn]]></xf:value>
							</xf:item>
							<xf:item>
								<xf:label><![CDATA[realtimeline]]></xf:label>
								<xf:value><![CDATA[realtimeline]]></xf:value>
							</xf:item>
							<xf:item>
								<xf:label><![CDATA[realtimearea]]></xf:label>
								<xf:value><![CDATA[realtimearea]]></xf:value>
							</xf:item>
							<xf:item>
								<xf:label><![CDATA[realtimestackedarea]]></xf:label>
								<xf:value><![CDATA[realtimestackedarea]]></xf:value>
							</xf:item>
							<xf:item>
								<xf:label><![CDATA[realtimestackedcolumn]]></xf:label>
								<xf:value><![CDATA[realtimestackedcolumn]]></xf:value>
							</xf:item>
							<xf:item>
								<xf:label><![CDATA[realtimelinedy]]></xf:label>
								<xf:value><![CDATA[realtimelinedy]]></xf:value>
							</xf:item>
						</xf:choices>
						
					</xf:select1>
					<w2:fwRealtimeChart chartType="realtimecolumn" id="fwRealtimeChart1" labelNode="label" ref="data:dataList1" refreshInterval="1" seriesNode="series" style="width: 415px;height: 297px;margin:10px" valueNode="value" submissionId="submission2">
					</w2:fwRealtimeChart>
				</xf:group>
			</xf:group>
		</xf:group>
	</body>
</html>