<?xml version="1.0" encoding="UTF-8"?>
<html xmlns="http://www.w3.org/1999/xhtml" xmlns:ev="http://www.w3.org/2001/xml-events" xmlns:w2="http://www.inswave.com/websquare" xmlns:xf="http://www.w3.org/2002/xforms">
	<head>
		<w2:type>DEFAULT</w2:type>
		<w2:buildDate/>
		<xf:model>
			<xf:instance>
				<data xmlns="" />
			</xf:instance>
			<w2:dataCollection baseNode="map">
				<w2:dataList baseNode="list" id="dataList1" repeatNode="map" saveRemovedData="true" style="">
					<w2:columnInfo>
						<w2:column dataType="text" id="label" name="label" />
						<w2:column dataType="text" id="series" name="series" />
						<w2:column dataType="text" id="value" name="value" />
					</w2:columnInfo>
					<w2:data use="false">
						<w2:row>
							<label><![CDATA[1]]></label>
							<series><![CDATA[A]]></series>
							<value><![CDATA[1]]></value>
						</w2:row>
						<w2:row>
							<label><![CDATA[1]]></label>
							<series><![CDATA[B]]></series>
							<value><![CDATA[2]]></value>
						</w2:row>
						<w2:row>
							<label><![CDATA[1]]></label>
							<series><![CDATA[C]]></series>
							<value><![CDATA[3]]></value>
						</w2:row>
						<w2:row>
							<label><![CDATA[2]]></label>
							<series><![CDATA[A]]></series>
							<value><![CDATA[4]]></value>
						</w2:row>
						<w2:row>
							<label><![CDATA[2]]></label>
							<series><![CDATA[B]]></series>
							<value><![CDATA[5]]></value>
						</w2:row>
						<w2:row>
							<label><![CDATA[2]]></label>
							<series><![CDATA[C]]></series>
							<value><![CDATA[6]]></value>
						</w2:row>
						<w2:row>
							<label><![CDATA[3]]></label>
							<series><![CDATA[A]]></series>
							<value><![CDATA[7]]></value>
						</w2:row>
						<w2:row>
							<label><![CDATA[3]]></label>
							<series><![CDATA[B]]></series>
							<value><![CDATA[8]]></value>
						</w2:row>
						<w2:row>
							<label><![CDATA[3]]></label>
							<series><![CDATA[C]]></series>
							<value><![CDATA[9]]></value>
						</w2:row>
						<w2:row>
							<label><![CDATA[4]]></label>
							<series><![CDATA[A]]></series>
							<value><![CDATA[10]]></value>
						</w2:row>
						<w2:row>
							<label><![CDATA[4]]></label>
							<series><![CDATA[B]]></series>
							<value><![CDATA[11]]></value>
						</w2:row>
						<w2:row>
							<label><![CDATA[4]]></label>
							<series><![CDATA[C]]></series>
							<value><![CDATA[12]]></value>
						</w2:row>
						<w2:row>
							<label><![CDATA[5]]></label>
							<series><![CDATA[A]]></series>
							<value><![CDATA[13]]></value>
						</w2:row>
						<w2:row>
							<label><![CDATA[5]]></label>
							<series><![CDATA[B]]></series>
							<value><![CDATA[14]]></value>
						</w2:row>
						<w2:row>
							<label><![CDATA[5]]></label>
							<series><![CDATA[C]]></series>
							<value><![CDATA[15]]></value>
						</w2:row>
						<w2:row>
							<label><![CDATA[6]]></label>
							<series><![CDATA[A]]></series>
							<value><![CDATA[16]]></value>
						</w2:row>
						<w2:row>
							<label><![CDATA[6]]></label>
							<series><![CDATA[B]]></series>
							<value><![CDATA[17]]></value>
						</w2:row>
						<w2:row>
							<series><![CDATA[C]]></series>
							<value><![CDATA[18]]></value>
							<label><![CDATA[6]]></label>
						</w2:row>
						<w2:row>
							<label><![CDATA[7]]></label>
							<series><![CDATA[A]]></series>
							<value><![CDATA[1]]></value>
						</w2:row>
						<w2:row>
							<label><![CDATA[7]]></label>
							<series><![CDATA[B]]></series>
							<value><![CDATA[2]]></value>
						</w2:row>
						<w2:row>
							<label><![CDATA[7]]></label>
							<series><![CDATA[C]]></series>
							<value><![CDATA[3]]></value>
						</w2:row>
						<w2:row>
							<label><![CDATA[8]]></label>
							<series><![CDATA[A]]></series>
							<value><![CDATA[4]]></value>
						</w2:row>
						<w2:row>
							<label><![CDATA[8]]></label>
							<series><![CDATA[B]]></series>
							<value><![CDATA[5]]></value>
						</w2:row>
						<w2:row>
							<label><![CDATA[8]]></label>
							<series><![CDATA[C]]></series>
							<value><![CDATA[7]]></value>
						</w2:row>
						<w2:row>
							<label><![CDATA[9]]></label>
							<series><![CDATA[A]]></series>
							<value><![CDATA[6]]></value>
						</w2:row>
						<w2:row>
							<label><![CDATA[9]]></label>
							<series><![CDATA[B]]></series>
							<value><![CDATA[8]]></value>
						</w2:row>
						<w2:row>
							<label><![CDATA[9]]></label>
							<series><![CDATA[C]]></series>
							<value><![CDATA[9]]></value>
						</w2:row>
						<w2:row>
							<label><![CDATA[10]]></label>
							<series><![CDATA[A]]></series>
							<value><![CDATA[10]]></value>
						</w2:row>
						<w2:row>
							<label><![CDATA[10]]></label>
							<series><![CDATA[B]]></series>
							<value><![CDATA[11]]></value>
						</w2:row>
						<w2:row>
							<label><![CDATA[10]]></label>
							<series><![CDATA[C]]></series>
							<value><![CDATA[12]]></value>
						</w2:row>
					</w2:data>
				</w2:dataList>
				<w2:dataList baseNode="list" id="dataList2" repeatNode="map" saveRemovedData="true" style="">
					<w2:columnInfo>
						<w2:column dataType="text" id="label" name="label" />
						<w2:column dataType="text" id="series" name="series" />
						<w2:column dataType="text" id="value" name="value" />
					</w2:columnInfo>
					<w2:data use="true">
						<w2:row>
							<label><![CDATA[1]]></label>
							<series><![CDATA[A]]></series>
							<value><![CDATA[5]]></value>
						</w2:row>
						<w2:row>
							<label><![CDATA[2]]></label>
							<series><![CDATA[A]]></series>
							<value><![CDATA[3]]></value>
						</w2:row>
						<w2:row>
							<label><![CDATA[3]]></label>
							<series><![CDATA[A]]></series>
							<value><![CDATA[6]]></value>
						</w2:row>
						<w2:row>
							<label><![CDATA[4]]></label>
							<series><![CDATA[A]]></series>
							<value><![CDATA[9]]></value>
						</w2:row>
						<w2:row>
							<label><![CDATA[5]]></label>
							<series><![CDATA[A]]></series>
							<value><![CDATA[12]]></value>
						</w2:row>
						<w2:row>
							<label><![CDATA[6]]></label>
							<series><![CDATA[A]]></series>
							<value><![CDATA[14]]></value>
						</w2:row>
						<w2:row>
							<label><![CDATA[7]]></label>
							<series><![CDATA[A]]></series>
							<value><![CDATA[10]]></value>
						</w2:row>
						<w2:row>
							<label><![CDATA[8]]></label>
							<series><![CDATA[A]]></series>
							<value><![CDATA[20]]></value>
						</w2:row>
						<w2:row>
							<label><![CDATA[9]]></label>
							<series><![CDATA[A]]></series>
							<value><![CDATA[14]]></value>
						</w2:row>
						<w2:row>
							<label><![CDATA[10]]></label>
							<series><![CDATA[A]]></series>
							<value><![CDATA[19]]></value>
						</w2:row>
						<w2:row>
							<label><![CDATA[11]]></label>
							<series><![CDATA[A]]></series>
							<value><![CDATA[16]]></value>
						</w2:row>
						<w2:row>
							<label><![CDATA[12]]></label>
							<series><![CDATA[A]]></series>
							<value><![CDATA[1]]></value>
						</w2:row>
						<w2:row>
							<label><![CDATA[13]]></label>
							<series><![CDATA[A]]></series>
							<value><![CDATA[21]]></value>
						</w2:row>
						<w2:row>
							<label><![CDATA[14]]></label>
						</w2:row>
						<w2:row>
							<label><![CDATA[15]]></label>
						</w2:row>
						<w2:row>
							<label><![CDATA[16]]></label>
						</w2:row>
						<w2:row>
							<label><![CDATA[17]]></label>
						</w2:row>
						<w2:row>
							<label><![CDATA[18]]></label>
						</w2:row>
						<w2:row>
							<label><![CDATA[19]]></label>
						</w2:row>
						<w2:row>
							<label><![CDATA[20]]></label>
						</w2:row>
						<w2:row>
							<label><![CDATA[21]]></label>
						</w2:row>
						<w2:row>
							<label><![CDATA[22]]></label>
						</w2:row>
						<w2:row>
							<label><![CDATA[23]]></label>
						</w2:row>
						<w2:row>
							<label><![CDATA[24]]></label>
						</w2:row>
						<w2:row>
							<label><![CDATA[25]]></label>
						</w2:row>
						<w2:row>
							<label><![CDATA[26]]></label>
						</w2:row>
						<w2:row>
							<label><![CDATA[27]]></label>
						</w2:row>
					</w2:data>
				</w2:dataList>
			</w2:dataCollection>
			<xf:submission id="submission1" ref="" target='data:json,{"id":"dataList1","action":"all"}' action="../widgets/realtime.json" method="post"
				mediatype="application/json" encoding="UTF-8" instance="" replace="" errorHandler="" customHandler="" mode="asynchronous" processMsg=""
				singleMode="true">
			</xf:submission>
		</xf:model>
		<script type="text/javascript" lazy="false"><![CDATA[
        
	scwin.onpageload = function() {
		var info = {};
		info.dataStreamURL = "http://192.168.150.55:8080/StockPrice.jsp";
		info.refreshInterval = 1;
		info.seriesArray=[{"seriesname":"A"},{"seriesname":"B"},{"seriesname":"C"}];
		textarea1.setValue('info.dataStreamURL = "http://192.168.150.55:8080/StockPrice.jsp"\ninfo.refreshInterval = 1\ninfo.seriesArray=[{"seriesname":"A"},{"seriesname":"B"},{"seriesname":"C"}];');
		fwRealtimeChart2.setDataStreamInfo(info);
		fwRealtimeChart2.draw();
		$p.executeSubmission("submission1");		
	};
	
	scwin.onpageunload = function() {
		
	};

	/** === Code added after the conversion === */

	scwin.trigger5_onclick = function(e) {

		fwRealtimeChart1.stopUpdate();

	};

	scwin.trigger6_onclick = function(e) {

		fwRealtimeChart1.restartUpdate();

	};

	scwin.trigger8_onclick = function(e) {

		fwRealtimeChart1.clearChart();

	};

	scwin.trigger9_onclick = function(e) {

		alert(fwRealtimeChart1.isUpdateActive());

	};

	scwin.selectbox2_onchange = function() {

		fwRealtimeChart1.changeType(selectbox2.getValue());

	};

	scwin.trigger1_onclick = function(e) {

		fwRealtimeChart2.stopUpdate();

	};

	scwin.trigger2_onclick = function(e) {

		fwRealtimeChart2.restartUpdate();

	};

	scwin.trigger3_onclick = function(e) {

		fwRealtimeChart2.clearChart();

	};

	scwin.trigger4_onclick = function(e) {

		alert(fwRealtimeChart2.isUpdateActive());

	};

	scwin.selectbox1_onchange = function() {

		fwRealtimeChart2.changeType(selectbox1.getValue());

	};

	/** ======================================= */
]]></script>
	</head>
	<body ev:onpageload="scwin.onpageload" ev:onpageunload="scwin.onpageunload">
		<xf:group class="" id="group1" style="position: relative ;border: 1px solid black;top:15px;left:20px;width:98%;height:400px;">
			<w2:textbox id="textbox6" label="fwRealtimeChart_dataList" style="position: relative;height: 31px;color:white;font-size:30px;background:#4272d4;width: 100%;border:1px solid #d4d4d4;font-weight:bold;">
			</w2:textbox>
			<xf:group id="group11" style="height:360px;">
				<xf:group class="" id="group2" style="position: relative ;width:30%;height:90%;float:left;">
					<w2:textbox id="textbox4" label="dataList ( SeriseType : simple )" style="position: relative;height: 5%;color:black;font-size:13px;background:#aaaaaa;width: 100%;font-weight:bold;border:1px solid #d4d4d4;">
					</w2:textbox>
					<w2:gridView dataList="dataList1" fixedColumnWithHidden="true" id="gridView1" scrollByColumn="false" style="width: 100%;height: 250px;" useShiftKey="true">
						<w2:header id="header1" style="">
							<w2:row id="row2" style="">
								<w2:column blockSelect="false" id="column9" inputType="text" style="height:20px" value="label" width="70"/>
								<w2:column blockSelect="false" id="column7" inputType="text" style="height:20px" value="series" width="70">
								</w2:column>
								<w2:column blockSelect="false" id="column3" inputType="text" style="height:20px" value="value" width="70"/>
							</w2:row>
						</w2:header>
						<w2:gBody id="gBody4" style="">
							<w2:row id="row5" style="">
								<w2:column blockSelect="false" id="label" inputType="text" style="height:20px" width="70"/>
								<w2:column blockSelect="false" id="series" inputType="text" style="height:20px" width="70"/>
								<w2:column blockSelect="false" id="value" inputType="text" style="height:20px" width="70"/>
							</w2:row>
						</w2:gBody>
					</w2:gridView>
					<xf:trigger ev:onclick="scwin.trigger5_onclick" id="trigger5" style="width: 100px;height: 30px;margin:10px;" type="button">
						<xf:label><![CDATA[stopUpdate]]></xf:label>
						
					</xf:trigger>
					<xf:trigger ev:onclick="scwin.trigger6_onclick" id="trigger6" style="width: 100px;height: 30px;margin:10px;" type="button">
						<xf:label><![CDATA[restartUpdate]]></xf:label>
						
					</xf:trigger>
					<xf:trigger ev:onclick="scwin.trigger8_onclick" id="trigger8" style="width: 100px; height: 30px; margin:10px;" type="button">
						<xf:label><![CDATA[clearChart]]></xf:label>
						
					</xf:trigger>
					<xf:trigger ev:onclick="scwin.trigger9_onclick" id="trigger9" style="width: 100px;height: 30px;margin:10px;" type="button">
						<xf:label><![CDATA[isUpdateActive]]></xf:label>
						
					</xf:trigger>
				</xf:group>
				<xf:group class="" id="group3" style="position: relative ;width:70%;height:90%;float:left;">
					<xf:select1 allOption="" appearance="minimal" chooseOption="" direction="auto" disabled="false" disabledClass="w2selectbox_disabled" displayMode="label" ev:onchange="scwin.selectbox2_onchange" id="selectbox2" style="width: 122px;height: 30px;margin:10px;" submenuSize="auto">
						<xf:choices>
							<xf:item>
								<xf:label><![CDATA[realtimecolumn]]></xf:label>
								<xf:value><![CDATA[realtimecolumn]]></xf:value>
							</xf:item>
							<xf:item>
								<xf:label><![CDATA[realtimeline]]></xf:label>
								<xf:value><![CDATA[realtimeline]]></xf:value>
							</xf:item>
							<xf:item>
								<xf:label><![CDATA[realtimearea]]></xf:label>
								<xf:value><![CDATA[realtimearea]]></xf:value>
							</xf:item>
							<xf:item>
								<xf:label><![CDATA[realtimestackedarea]]></xf:label>
								<xf:value><![CDATA[realtimestackedarea]]></xf:value>
							</xf:item>
							<xf:item>
								<xf:label><![CDATA[realtimestackedcolumn]]></xf:label>
								<xf:value><![CDATA[realtimestackedcolumn]]></xf:value>
							</xf:item>
							<xf:item>
								<xf:label><![CDATA[realtimelinedy]]></xf:label>
								<xf:value><![CDATA[realtimelinedy]]></xf:value>
							</xf:item>
						</xf:choices>
						
					</xf:select1>
					<w2:fwRealtimeChart chartType="realtimecolumn" id="fwRealtimeChart1" labelNode="label" ref="data:dataList1" refreshInterval="1" seriesNode="series" style="width: 415px;height: 297px;margin:10px" valueNode="value" submissionId="submission1">
					</w2:fwRealtimeChart>
				</xf:group>
			</xf:group>
		</xf:group>
		<xf:group class="" id="group21" style="position: relative ;border: 1px solid black;top:15px;left:20px;width:98%;height:400px;">
			<w2:textbox id="textbox11" label="fwRealtimeChart_native" style="position: relative;height: 31px;color:white;font-size:30px;background:#4272d4;width: 100%;border:1px solid #d4d4d4;font-weight:bold;">
			</w2:textbox>
			<xf:group id="group22" style="height:360px;">
				<xf:group class="" id="group23" style="position: relative ;width:30%;height:90%;float:left;">
					<w2:textbox id="textbox12" label="info" style="position: relative;height: 5%;color:black;font-size:13px;background:#aaaaaa;width: 100%;font-weight:bold;border:1px solid #d4d4d4;">
					</w2:textbox>
					<xf:textarea id="textarea1" minByteLength="" style="width: 99%;height: 200px;"/>
					<xf:trigger ev:onclick="scwin.trigger1_onclick" id="trigger1" style="width: 100px;height: 30px;margin:10px;" type="button">
						<xf:label><![CDATA[stopUpdate]]></xf:label>
						
					</xf:trigger>
					<xf:trigger ev:onclick="scwin.trigger2_onclick" id="trigger2" style="width: 100px;height: 30px;margin:10px;" type="button">
						<xf:label><![CDATA[restartUpdate]]></xf:label>
						
					</xf:trigger>
					<xf:trigger ev:onclick="scwin.trigger3_onclick" id="trigger3" style="width: 100px; height: 30px; margin:10px;" type="button">
						<xf:label><![CDATA[clearChart]]></xf:label>
						
					</xf:trigger>
					<xf:trigger ev:onclick="scwin.trigger4_onclick" id="trigger4" style="width: 100px;height: 30px;margin:10px;" type="button">
						<xf:label><![CDATA[isUpdateActive]]></xf:label>
						
					</xf:trigger>
				</xf:group>
				<xf:group class="" id="group24" style="position: relative ;width:70%;height:90%;float:left;">
					<xf:select1 allOption="" appearance="minimal" chooseOption="" direction="auto" disabled="false" disabledClass="w2selectbox_disabled" displayMode="label" ev:onchange="scwin.selectbox1_onchange" id="selectbox1" style="width: 122px;height: 30px;margin:10px;" submenuSize="auto">
						<xf:choices>
							<xf:item>
								<xf:label><![CDATA[realtimecolumn]]></xf:label>
								<xf:value><![CDATA[realtimecolumn]]></xf:value>
							</xf:item>
							<xf:item>
								<xf:label><![CDATA[realtimeline]]></xf:label>
								<xf:value><![CDATA[realtimeline]]></xf:value>
							</xf:item>
							<xf:item>
								<xf:label><![CDATA[realtimearea]]></xf:label>
								<xf:value><![CDATA[realtimearea]]></xf:value>
							</xf:item>
							<xf:item>
								<xf:label><![CDATA[realtimestackedarea]]></xf:label>
								<xf:value><![CDATA[realtimestackedarea]]></xf:value>
							</xf:item>
							<xf:item>
								<xf:label><![CDATA[realtimestackedcolumn]]></xf:label>
								<xf:value><![CDATA[realtimestackedcolumn]]></xf:value>
							</xf:item>
							<xf:item>
								<xf:label><![CDATA[realtimelinedy]]></xf:label>
								<xf:value><![CDATA[realtimelinedy]]></xf:value>
							</xf:item>
						</xf:choices>
						
					</xf:select1>
					<w2:fwRealtimeChart chartType="realtimecolumn" id="fwRealtimeChart2" labelNode="" ref="" refreshInterval="" seriesNode="" style="width: 415px;height: 297px;margin:10px" valueNode="">
					</w2:fwRealtimeChart>
				</xf:group>
			</xf:group>
		</xf:group>
	</body>
</html>