<?xml version="1.0" encoding="UTF-8"?>
<html xmlns="http://www.w3.org/1999/xhtml" xmlns:ev="http://www.w3.org/2001/xml-events" xmlns:w2="http://www.inswave.com/websquare"
	xmlns:xf="http://www.w3.org/2002/xforms">
	<head>
		<w2:type>DEFAULT</w2:type>
		<w2:buildDate />
		<xf:model>
			<xf:instance>
				<data xmlns="" />
			</xf:instance>
			<w2:dataCollection baseNode="map">
				<w2:dataList id="dataList2" baseNode="list" style="" saveRemovedData="true" repeatNode="map">
					<w2:columnInfo>
						<w2:column id="label" name="label" dataType="text"></w2:column>
						<w2:column id="series1" name="value" dataType="text"></w2:column>
					</w2:columnInfo>
					<w2:data use="true">
						<w2:row>
							<label><![CDATA[1]]></label>
							<series1><![CDATA[39]]></series1>
						</w2:row>
						<w2:row>
							<label><![CDATA[2]]></label>
							<series1><![CDATA[32.2]]></series1>
						</w2:row>
						<w2:row>
							<label><![CDATA[3]]></label>
							<series1><![CDATA[34.2]]></series1>
						</w2:row>
						<w2:row>
							<label><![CDATA[4]]></label>
							<series1><![CDATA[32.3]]></series1>
						</w2:row>
						<w2:row>
							<label><![CDATA[5]]></label>
							<series1><![CDATA[34.2]]></series1>
						</w2:row>
						<w2:row>
							<label><![CDATA[6]]></label>
							<series1><![CDATA[23.1]]></series1>
						</w2:row>
						<w2:row>
							<label><![CDATA[7]]></label>
							<series1><![CDATA[23.3]]></series1>
						</w2:row>
						<w2:row>
							<label><![CDATA[8]]></label>
							<series1><![CDATA[43.2]]></series1>
						</w2:row>
						<w2:row>
							<label><![CDATA[9]]></label>
							<series1><![CDATA[34.3]]></series1>
						</w2:row>
						<w2:row>
							<label><![CDATA[10]]></label>
							<series1><![CDATA[34.2]]></series1>
						</w2:row>
						<w2:row>
							<label><![CDATA[11]]></label>
							<series1><![CDATA[13.2]]></series1>
						</w2:row>
						<w2:row>
							<series1><![CDATA[35.21]]></series1>
							<label><![CDATA[12]]></label>
						</w2:row>
						<w2:row>
							<series1><![CDATA[43.31]]></series1>
							<label><![CDATA[13]]></label>
						</w2:row>
						<w2:row>
							<series1><![CDATA[40.21]]></series1>
							<label><![CDATA[14]]></label>
						</w2:row>
						<w2:row>
							<series1><![CDATA[40.54]]></series1>
							<label><![CDATA[15]]></label>
						</w2:row>
						<w2:row>
							<series1><![CDATA[40.90]]></series1>
							<label><![CDATA[16]]></label>
						</w2:row>
						<w2:row>
							<series1><![CDATA[54.21]]></series1>
							<label><![CDATA[17]]></label>
						</w2:row>
						<w2:row>
							<series1><![CDATA[35.12]]></series1>
							<label><![CDATA[18]]></label>
						</w2:row>
					</w2:data>
				</w2:dataList>
				<w2:dataList id="dataList3" baseNode="list" style="" saveRemovedData="true" repeatNode="map">
					<w2:columnInfo>
						<w2:column id="label" name="label" dataType="text"></w2:column>
						<w2:column id="series1" name="value" dataType="text"></w2:column>
					</w2:columnInfo>
					<w2:data use="true">
						<w2:row>
							<label><![CDATA[1]]></label>
							<series1><![CDATA[W]]></series1>
						</w2:row>
						<w2:row>
							<label><![CDATA[2]]></label>
							<series1><![CDATA[L]]></series1>
						</w2:row>
						<w2:row>
							<label><![CDATA[3]]></label>
							<series1><![CDATA[W]]></series1>
						</w2:row>
						<w2:row>
							<label><![CDATA[4]]></label>
							<series1><![CDATA[W]]></series1>
						</w2:row>
						<w2:row>
							<label><![CDATA[5]]></label>
							<series1><![CDATA[W]]></series1>
						</w2:row>
						<w2:row>
							<label><![CDATA[6]]></label>
							<series1><![CDATA[L]]></series1>
						</w2:row>
						<w2:row>
							<label><![CDATA[7]]></label>
							<series1><![CDATA[L]]></series1>
						</w2:row>
						<w2:row>
							<label><![CDATA[8]]></label>
							<series1><![CDATA[W]]></series1>
						</w2:row>
						<w2:row>
							<label><![CDATA[9]]></label>
							<series1><![CDATA[W]]></series1>
						</w2:row>
						<w2:row>
							<label><![CDATA[10]]></label>
							<series1><![CDATA[L]]></series1>
						</w2:row>
						<w2:row>
							<label><![CDATA[11]]></label>
							<series1><![CDATA[W]]></series1>
						</w2:row>
						<w2:row>
							<label><![CDATA[12]]></label>
							<series1><![CDATA[W]]></series1>
						</w2:row>
						<w2:row>
							<label><![CDATA[13]]></label>
							<series1><![CDATA[W]]></series1>
						</w2:row>
						<w2:row>
							<label><![CDATA[14]]></label>
							<series1><![CDATA[W]]></series1>
						</w2:row>
						<w2:row>
							<label><![CDATA[15]]></label>
							<series1><![CDATA[W]]></series1>
						</w2:row>
						<w2:row>
							<label><![CDATA[16]]></label>
							<series1><![CDATA[L]]></series1>
						</w2:row>
						<w2:row>
							<label><![CDATA[17]]></label>
							<series1><![CDATA[L]]></series1>
						</w2:row>
						<w2:row>
							<label><![CDATA[18]]></label>
							<series1><![CDATA[L]]></series1>
						</w2:row>
					</w2:data>
				</w2:dataList>
				<w2:dataList baseNode="list" id="dataList1" style="" saveRemovedData="true" repeatNode="map">
					<w2:columnInfo>
						<w2:column id="label" name="label" dataType="text"></w2:column>
						<w2:column id="value" name="value" dataType="text"></w2:column>
					</w2:columnInfo>
				</w2:dataList>
				<w2:dataList baseNode="list" id="dataList4" style="" saveRemovedData="true" repeatNode="map">
					<w2:columnInfo>
						<w2:column id="label" name="label" dataType="text"></w2:column>
						<w2:column id="value" name="value" dataType="text"></w2:column>
					</w2:columnInfo>
				</w2:dataList>
			</w2:dataCollection>
		</xf:model>
		<script type="text/javascript" lazy="false"><![CDATA[
        
		scwin.onpageload = function() {
			var data1 = [{"label":"1","value":"14"},{"label":"2","value":"21"},{"label":"3","value":"13"},{"label":"4","value":"24"},{"label":"5","value":"15"},{"label":"6","value":"26"},{"label":"7","value":"17"},{"label":"8","value":"28"},{"label":"9","value":"19"},{"label":"10","value":"11"}];
			dataList1.setJSON( data1 , false);
			var data2 = [{"label":"1","value":"W"},{"label":"2","value":"L"},{"label":"3","value":"L"},{"label":"4","value":"W"},{"label":"5","value":"W"},{"label":"6","value":"W"},{"label":"7","value":"L"},{"label":"8","value":"L"},{"label":"9","value":"W"},{"label":"10","value":"W"}];
			dataList4.setJSON( data2 , false);
			temp3.setAccessibility(true);
			temp4.setAccessibility(true);
			temp5.setAccessibility(true);
		};
		
		scwin.onpageunload = function() {
			
		};
			
         ]]></script>
	</head>
	<body ev:onpageload="scwin.onpageload" ev:onpageunload="scwin.onpageunload">
		<xf:group class="" id="group1" style="position: relative ;border: 1px solid black;top:15px;left:20px;width:98%;height:100%;">
			<w2:textbox id="textbox6" label="fwSparkChart"
				style="position: relative;height: 31px;color:white;font-size:30px;background:#4272d4;width: 100%;border:1px solid #d4d4d4;font-weight:bold;">
			</w2:textbox>
			<xf:group id="group11" style="height:300px;">
				<xf:group id="group2" style="position: relative ;width:30%;height:90%;float:left;" class="">
					<w2:textbox id="textbox4"
						style="position: relative;height: 5%;color:black;font-size:13px;background:#aaaaaa;width: 100%;font-weight:bold;border:1px solid #d4d4d4;"
						label="dataList( seriesType:Advanced )">
					</w2:textbox>
					<w2:gridView id="gridView1" dataList="dataList2" autoFit="allColumn" style="width: 183px;height: 170px;"
						useShiftKey="true" scrollByColumn="false" fixedColumnWithHidden="true">
						<w2:header id="header1" style="">
							<w2:row id="row2" style="">
								<w2:column id="column7" blockSelect="false" style="height:20px" width="70" inputType="text" value="label"></w2:column>
								<w2:column id="column3" blockSelect="false" style="height:20px" inputType="text" width="70" value="value"></w2:column>
							</w2:row>
						</w2:header>
						<w2:gBody id="gBody4" style="">
							<w2:row id="row5" style="">
								<w2:column id="label" blockSelect="false" style="height:20px" width="70" inputType="text"></w2:column>
								<w2:column id="series1" blockSelect="false" style="height:20px" inputType="text" width="70"></w2:column>
							</w2:row>
						</w2:gBody>
					</w2:gridView>
				</xf:group>
				<xf:group id="group3" style="position: relative ;width:70%;height:90%;float:left;" class="">
					<w2:textbox id="textbox5"
						style="position: relative;height: 5%;color:black;font-size:13px;background:#aaaaaa;width: 100%;font-weight:bold;border:1px solid #d4d4d4;"
						label="SparkLineChart">
					</w2:textbox>
					<w2:fwSparkChart id="fusionchart1" seriesNode="" chartType="sparkline" ref="data:dataList2" valueNode=""
						seriesColumns="[['series1']]" style="width: 300px;height: 250px;" seriesType="advanced" labelNode="label" accessibility="true" plotColor="FFFF00,00FF00,0000FF">
					</w2:fwSparkChart>
				</xf:group>
			</xf:group>
			<xf:group id="group12" style="height:300px;">
				<xf:group class="" id="group13" style="position: relative ;width:30%;height:90%;float:left;">
					<w2:textbox id="textbox1" label="dataList( seriesType:Advanced )"
						style="position: relative;height: 5%;color:black;font-size:13px;background:#aaaaaa;width: 100%;font-weight:bold;border:1px solid #d4d4d4;">
					</w2:textbox>
					<w2:gridView dataList="dataList2" scrollByColumn="false" id="gridView4" style="width:168px;height:129px;"
						fixedColumnWithHidden="true" useShiftKey="true">
						<w2:header id="header1" style="">
							<w2:row id="row2" style="">
								<w2:column blockSelect="false" id="column7" style="height:20px" inputType="text" width="70" value="label"></w2:column>
								<w2:column blockSelect="false" id="column3" style="height:20px" width="70" inputType="text" value="value"></w2:column>
							</w2:row>
						</w2:header>
						<w2:gBody id="gBody4" style="">
							<w2:row id="row5" style="">
								<w2:column blockSelect="false" id="label" style="height:20px" inputType="text" width="70"></w2:column>
								<w2:column blockSelect="false" id="series1" style="height:20px" width="70" inputType="text"></w2:column>
							</w2:row>
						</w2:gBody>
					</w2:gridView>
				</xf:group>
				<xf:group class="" id="group14" style="position: relative ;width:70%;height:90%;float:left;">
					<w2:textbox id="textbox2" label="SparkColumnChart"
						style="position: relative;height: 5%;color:black;font-size:13px;background:#aaaaaa;width: 100%;font-weight:bold;border:1px solid #d4d4d4;">
					</w2:textbox>
					<w2:fwSparkChart seriesNode="" id="fusionchart2" ref="data:dataList2" valueNode="" style="width: 300px;height: 250px;"
						seriesColumns="[['series1']]" plotColor="FFFF00,00FF00,0000FF" seriesType="advanced" labelNode="label" accessibility="true" chartType="sparkcolumn">
					</w2:fwSparkChart>
				</xf:group>
			</xf:group>
			<xf:group id="group15" style="height:300px;">
				<xf:group class="" id="group16" style="position: relative ;width:30%;height:90%;float:left;">
					<w2:textbox id="textbox3" label="dataList( seriesType:Advanced )"
						style="position: relative;height: 5%;color:black;font-size:13px;background:#aaaaaa;width: 100%;font-weight:bold;border:1px solid #d4d4d4;">
					</w2:textbox>
					<w2:gridView dataList="dataList3" scrollByColumn="false" id="gridView5" style="width: 151px;height: 137px;"
						fixedColumnWithHidden="true" useShiftKey="true">
						<w2:header id="header1" style="">
							<w2:row id="row2" style="">
								<w2:column blockSelect="false" id="column7" style="height:20px" inputType="text" width="70" value="label"></w2:column>
								<w2:column blockSelect="false" id="column3" style="height:20px" width="70" inputType="text" value="value"></w2:column>
							</w2:row>
						</w2:header>
						<w2:gBody id="gBody4" style="">
							<w2:row id="row5" style="">
								<w2:column blockSelect="false" id="label" style="height:20px" inputType="text" width="70"></w2:column>
								<w2:column blockSelect="false" id="series1" style="height:20px" width="70" inputType="text"></w2:column>
							</w2:row>
						</w2:gBody>
					</w2:gridView>
				</xf:group>
				<xf:group class="" id="group17" style="position: relative ;width:70%;height:90%;float:left;">
					<w2:textbox id="textbox14" label="SparkWinlossChart"
						style="position: relative;height: 5%;color:black;font-size:13px;background:#aaaaaa;width: 100%;font-weight:bold;border:1px solid #d4d4d4;">
					</w2:textbox>
					<w2:fwSparkChart seriesNode="" id="fusionchart4" ref="data:dataList3" valueNode="" style="width: 300px;height: 250px;"
						seriesColumns="[['series1']]" seriesType="advanced" labelNode="label" accessibility="true" chartType="sparkwinloss">
					</w2:fwSparkChart>
				</xf:group>
			</xf:group>
			<xf:group id="group18" style="height:300px;">
				<xf:group class="" id="group19" style="position: relative ;width:30%;height:90%;float:left;">
					<w2:textbox id="textbox15" label="dataList( seriesType:Simple )"
						style="position: relative;height: 5%;color:black;font-size:13px;background:#aaaaaa;width: 100%;font-weight:bold;border:1px solid #d4d4d4;">
					</w2:textbox>
					<w2:gridView autoFit="allColumn" dataList="dataList1" fixedColumnWithHidden="true" id="gridView6" scrollByColumn="false"
						style="width: 183px;height: 170px;" useShiftKey="true">
						<w2:header id="header1" style="">
							<w2:row id="row2" style="">
								<w2:column blockSelect="false" id="column7" style="height:20px" inputType="text" width="70" value="label"></w2:column>
								<w2:column blockSelect="false" id="column3" style="height:20px" width="70" inputType="text" value="value"></w2:column>
							</w2:row>
						</w2:header>
						<w2:gBody id="gBody4" style="">
							<w2:row id="row5" style="">
								<w2:column blockSelect="false" id="label" style="height:20px" inputType="text" width="70"></w2:column>
								<w2:column blockSelect="false" id="value" style="height:20px" width="70" inputType="text"></w2:column>
							</w2:row>
						</w2:gBody>
					</w2:gridView>
				</xf:group>
				<xf:group class="" id="group20" style="position: relative ;width:70%;height:90%;float:left;">
					<w2:textbox id="textbox16" label="SparkLineChart"
						style="position: relative;height: 5%;color:black;font-size:13px;background:#aaaaaa;width: 100%;font-weight:bold;border:1px solid #d4d4d4;">
					</w2:textbox>
					<w2:fwSparkChart accessibility="false" chartType="sparkline" id="temp3" labelNode="label" ref="data:dataList1"
						seriesColumns="" seriesNode="" seriesType="simple" style="width: 300px;height: 250px;" valueNode="value">
					</w2:fwSparkChart>
				</xf:group>
			</xf:group>
			<xf:group id="group21" style="height:300px;">
				<xf:group class="" id="group22" style="position: relative ;width:30%;height:90%;float:left;">
					<w2:textbox id="textbox17" label="dataList( seriesType:Simple )"
						style="position: relative;height: 5%;color:black;font-size:13px;background:#aaaaaa;width: 100%;font-weight:bold;border:1px solid #d4d4d4;">
					</w2:textbox>
					<w2:gridView dataList="dataList1" fixedColumnWithHidden="true" id="gridView7" scrollByColumn="false"
						style="width:168px;height:129px;" useShiftKey="true">
						<w2:header id="header1" style="">
							<w2:row id="row2" style="">
								<w2:column blockSelect="false" id="column7" style="height:20px" inputType="text" width="70" value="label"></w2:column>
								<w2:column blockSelect="false" id="column3" style="height:20px" width="70" inputType="text" value="value"></w2:column>
							</w2:row>
						</w2:header>
						<w2:gBody id="gBody4" style="">
							<w2:row id="row5" style="">
								<w2:column blockSelect="false" id="label" style="height:20px" inputType="text" width="70"></w2:column>
								<w2:column blockSelect="false" id="value" style="height:20px" width="70" inputType="text"></w2:column>
							</w2:row>
						</w2:gBody>
					</w2:gridView>
				</xf:group>
				<xf:group class="" id="group23" style="position: relative ;width:70%;height:90%;float:left;">
					<w2:textbox id="textbox18" label="SparkColumnChart"
						style="position: relative;height: 5%;color:black;font-size:13px;background:#aaaaaa;width: 100%;font-weight:bold;border:1px solid #d4d4d4;">
					</w2:textbox>
					<w2:fwSparkChart accessibility="true" chartType="sparkcolumn" id="temp4" labelNode="label" ref="data:dataList1"
						seriesColumns="" seriesNode="" seriesType="simple" style="width: 300px;height: 250px;" valueNode="value">
					</w2:fwSparkChart>
				</xf:group>
			</xf:group>
			<xf:group id="group24" style="height:300px;">
				<xf:group class="" id="group25" style="position: relative ;width:30%;height:90%;float:left;">
					<w2:textbox id="textbox19" label="dataList( seriesType:Simple )"
						style="position: relative;height: 5%;color:black;font-size:13px;background:#aaaaaa;width: 100%;font-weight:bold;border:1px solid #d4d4d4;">
					</w2:textbox>
					<w2:gridView dataList="dataList4" fixedColumnWithHidden="true" id="gridView8" scrollByColumn="false"
						style="width: 151px;height: 137px;" useShiftKey="true">
						<w2:header id="header1" style="">
							<w2:row id="row2" style="">
								<w2:column blockSelect="false" id="column7" style="height:20px" inputType="text" width="70" value="label"></w2:column>
								<w2:column blockSelect="false" id="column3" style="height:20px" width="70" inputType="text" value="value"></w2:column>
							</w2:row>
						</w2:header>
						<w2:gBody id="gBody4" style="">
							<w2:row id="row5" style="">
								<w2:column blockSelect="false" id="label" style="height:20px" inputType="text" width="70"></w2:column>
								<w2:column blockSelect="false" id="value" style="height:20px" width="70" inputType="text"></w2:column>
							</w2:row>
						</w2:gBody>
					</w2:gridView>
				</xf:group>
				<xf:group class="" id="group26" style="position: relative ;width:70%;height:90%;float:left;">
					<w2:textbox id="textbox20" label="SparkWinlossChart"
						style="position: relative;height: 5%;color:black;font-size:13px;background:#aaaaaa;width: 100%;font-weight:bold;border:1px solid #d4d4d4;">
					</w2:textbox>
					<w2:fwSparkChart accessibility="true" chartType="sparkwinloss" id="temp5" labelNode="label" ref="data:dataList4"
						seriesColumns="" seriesNode="" seriesType="simple" style="width: 300px;height: 250px;" valueNode="value">
					</w2:fwSparkChart>
				</xf:group>
			</xf:group>
		</xf:group>

	</body>
</html>