[{"value":"100","rowStatus":"R"},{"value":"20","rowStatus":"R"},{"value":"70","rowStatus":"R"},{"value":"60","rowStatus":"R"},{"value":"80","rowStatus":"R"},{"value":"53","rowStatus":"R"},{"value":"31","rowStatus":"R"},{"value":"54","rowStatus":"R"},{"value":"13","rowStatus":"R"},{"value":"99","rowStatus":"R"},{"value":"65","rowStatus":"R"},{"value":"18","rowStatus":"R"},{"value":"81","rowStatus":"R"},{"value":"63","rowStatus":"R"},{"value":"22","rowStatus":"R"},{"value":"24","rowStatus":"R"},{"value":"63","rowStatus":"R"},{"value":"23","rowStatus":"R"},{"value":"86","rowStatus":"R"},{"value":"75","rowStatus":"R"},{"value":"44","rowStatus":"R"},{"value":"75","rowStatus":"R"},{"value":"54","rowStatus":"R"},{"value":"33","rowStatus":"R"},{"value":"63","rowStatus":"R"},{"value":"74","rowStatus":"R"},{"value":"54","rowStatus":"R"},{"value":"22","rowStatus":"R"},{"value":"51","rowStatus":"R"},{"value":"12","rowStatus":"R"},{"value":"85","rowStatus":"R"},{"value":"75","rowStatus":"R"},{"value":"65","rowStatus":"R"},{"value":"77","rowStatus":"R"},{"value":"67","rowStatus":"R"},{"value":"92","rowStatus":"R"},{"value":"89","rowStatus":"R"},{"value":"78","rowStatus":"R"},{"value":"62","rowStatus":"R"},{"value":"52","rowStatus":"R"},{"value":"11","rowStatus":"R"},{"value":"51","rowStatus":"R"},{"value":"77","rowStatus":"R"},{"value":"87","rowStatus":"R"},{"value":"95","rowStatus":"R"},{"value":"39","rowStatus":"R"},{"value":"41","rowStatus":"R"},{"value":"65","rowStatus":"R"},{"value":"32","rowStatus":"R"},{"value":"86","rowStatus":"R"},{"value":"74","rowStatus":"R"},{"value":"56","rowStatus":"R"},{"value":"14","rowStatus":"R"},{"value":"42","rowStatus":"R"},{"value":"54","rowStatus":"R"}]