[
	{"label":"1","series":"A","value":"1","rowStatus":"R"},
	{"label":"1","series":"B","value":"2","rowStatus":"R"},
	{"label":"1","series":"C","value":"3","rowStatus":"R"},
	{"label":"2","series":"A","value":"4","rowStatus":"R"},
	{"label":"2","series":"B","value":"5","rowStatus":"R"},
	{"label":"2","series":"C","value":"6","rowStatus":"R"},
	{"label":"3","series":"A","value":"7","rowStatus":"R"},
	{"label":"3","series":"B","value":"8","rowStatus":"R"},
	{"label":"3","series":"C","value":"9","rowStatus":"R"},
	{"label":"4","series":"A","value":"10","rowStatus":"R"},
	{"label":"4","series":"B","value":"11","rowStatus":"R"},
	{"label":"4","series":"C","value":"12","rowStatus":"R"},
	{"label":"5","series":"A","value":"13","rowStatus":"R"},
	{"label":"5","series":"B","value":"14","rowStatus":"R"},
	{"label":"5","series":"C","value":"15","rowStatus":"R"},
	{"label":"6","series":"A","value":"16","rowStatus":"R"},
	{"label":"6","series":"B","value":"17","rowStatus":"R"},
	{"label":"6","series":"C","value":"18","rowStatus":"R"},
	
	{"label":"7","series":"A","value":"16","rowStatus":"R"},
	{"label":"7","series":"B","value":"17","rowStatus":"R"},
	{"label":"7","series":"C","value":"18","rowStatus":"R"},
	
	{"label":"8","series":"A","value":"11","rowStatus":"R"},
	{"label":"8","series":"B","value":"15","rowStatus":"R"},
	{"label":"8","series":"C","value":"14","rowStatus":"R"},
	
	{"label":"9","series":"A","value":"26","rowStatus":"R"},
	{"label":"9","series":"B","value":"37","rowStatus":"R"},
	{"label":"9","series":"C","value":"18","rowStatus":"R"},
	
	{"label":"10","series":"A","value":"56","rowStatus":"R"},
	{"label":"10","series":"B","value":"27","rowStatus":"R"},
	{"label":"10","series":"C","value":"38","rowStatus":"R"},
	
	{"label":"11","series":"A","value":"6","rowStatus":"R"},
	{"label":"11","series":"B","value":"27","rowStatus":"R"},
	{"label":"11","series":"C","value":"58","rowStatus":"R"},
	
	{"label":"12","series":"A","value":"36","rowStatus":"R"},
	{"label":"12","series":"B","value":"37","rowStatus":"R"},
	{"label":"12","series":"C","value":"28","rowStatus":"R"},
	
	{"label":"13","series":"A","value":"61","rowStatus":"R"},
	{"label":"13","series":"B","value":"57","rowStatus":"R"},
	{"label":"13","series":"C","value":"48","rowStatus":"R"},
	
	{"label":"14","series":"A","value":"33","rowStatus":"R"},
	{"label":"14","series":"B","value":"47","rowStatus":"R"},
	{"label":"14","series":"C","value":"58","rowStatus":"R"},
	
	{"label":"15","series":"A","value":"14","rowStatus":"R"},
	{"label":"15","series":"B","value":"27","rowStatus":"R"},
	{"label":"15","series":"C","value":"38","rowStatus":"R"},
	
	{"label":"16","series":"A","value":"74","rowStatus":"R"},
	{"label":"16","series":"B","value":"32","rowStatus":"R"},
	{"label":"16","series":"C","value":"54","rowStatus":"R"},
	
	{"label":"17","series":"A","value":"54","rowStatus":"R"},
	{"label":"17","series":"B","value":"36","rowStatus":"R"},
	{"label":"17","series":"C","value":"76","rowStatus":"R"},
	
	{"label":"18","series":"A","value":"15","rowStatus":"R"},
	{"label":"18","series":"B","value":"74","rowStatus":"R"},
	{"label":"18","series":"C","value":"54","rowStatus":"R"},
	
	{"label":"19","series":"A","value":"61","rowStatus":"R"},
	{"label":"19","series":"B","value":"53","rowStatus":"R"},
	{"label":"19","series":"C","value":"24","rowStatus":"R"},

	{"label":"20","series":"A","value":"26","rowStatus":"R"},
	{"label":"20","series":"B","value":"64","rowStatus":"R"},
	{"label":"20","series":"C","value":"32","rowStatus":"R"}
]