{"infoList" : [
   {
      "sDate": "20010101",
      "nDateType": "1",
      "sDesc": "신정",
      "sETC1": "2000",
      "sETC2": "100-055-564",
      "sETC3": "테스트1",
      "sETC4": "6391",
      "sETC5": "7257",
      "sETC6": "8935",
      "sETC7": "1233",
      "sETC8": "6599",
      "sETC9": "6026",
      "sETC10": "2348",
      "sETC11": "2289",
      "sETC12": "3584",
      "sETC13": "2036",
      "sETC14": "2863",
      "sETC15": "6178",
      "sETC16": "130",
      "sETC17": "6597"
   },
   {
      "sDate": "20010121",
      "nDateType": "1",
      "sDesc": "설날",
      "sETC1": "2001",
      "sETC2": "100-055-564",
      "sETC3": "테스트2",
      "sETC4": "3958",
      "sETC5": "9906",
      "sETC6": "2434",
      "sETC7": "3164",
      "sETC8": "6616",
      "sETC9": "523",
      "sETC10": "9746",
      "sETC11": "4242",
      "sETC12": "5663",
      "sETC13": "3967",
      "sETC14": "3682",
      "sETC15": "8637",
      "sETC16": "5050",
      "sETC17": "3463"
   },
   {
      "sDate": "20010122",
      "nDateType": "1",
      "sDesc": "설날",
      "sETC1": "2002",
      "sETC2": "100-055-564",
      "sETC3": "테스트3",
      "sETC4": "9267",
      "sETC5": "7613",
      "sETC6": "900",
      "sETC7": "2061",
      "sETC8": "300",
      "sETC9": "5984",
      "sETC10": "4951",
      "sETC11": "9046",
      "sETC12": "1678",
      "sETC13": "6758",
      "sETC14": "8284",
      "sETC15": "2661",
      "sETC16": "9935",
      "sETC17": "6402"
   },
   {
      "sDate": "20010123",
      "nDateType": "1",
      "sDesc": "설날",
      "sETC1": "2003",
      "sETC2": "100-055-564",
      "sETC3": "테스트4",
      "sETC4": "9461",
      "sETC5": "3432",
      "sETC6": "9057",
      "sETC7": "7929",
      "sETC8": "6289",
      "sETC9": "8948",
      "sETC10": "6784",
      "sETC11": "202",
      "sETC12": "7053",
      "sETC13": "5876",
      "sETC14": "8378",
      "sETC15": "2397",
      "sETC16": "5807",
      "sETC17": "3581"
   },
   {
      "sDate": "20010301",
      "nDateType": "1",
      "sDesc": "삼일절",
      "sETC1": "2004",
      "sETC2": "100-055-564",
      "sETC3": "테스트5",
      "sETC4": "2929",
      "sETC5": "377",
      "sETC6": "6252",
      "sETC7": "5921",
      "sETC8": "4891",
      "sETC9": "4789",
      "sETC10": "9371",
      "sETC11": "7816",
      "sETC12": "9061",
      "sETC13": "2607",
      "sETC14": "2884",
      "sETC15": "4239",
      "sETC16": "5952",
      "sETC17": "1553"
   },
   {
      "sDate": "20010405",
      "nDateType": "1",
      "sDesc": "식목일",
      "sETC1": "2005",
      "sETC2": "100-055-564",
      "sETC3": "테스트6",
      "sETC4": "980",
      "sETC5": "6286",
      "sETC6": "5944",
      "sETC7": "4449",
      "sETC8": "1135",
      "sETC9": "2410",
      "sETC10": "3330",
      "sETC11": "8813",
      "sETC12": "500",
      "sETC13": "9315",
      "sETC14": "183",
      "sETC15": "4823",
      "sETC16": "291",
      "sETC17": "1821"
   },
   {
      "sDate": "20010501",
      "nDateType": "1",
      "sDesc": "근로자의날",
      "sETC1": "2006",
      "sETC2": "100-055-564",
      "sETC3": "테스트7",
      "sETC4": "2496",
      "sETC5": "7803",
      "sETC6": "4238",
      "sETC7": "480",
      "sETC8": "1715",
      "sETC9": "7313",
      "sETC10": "37",
      "sETC11": "909",
      "sETC12": "1128",
      "sETC13": "7955",
      "sETC14": "6232",
      "sETC15": "5979",
      "sETC16": "4010",
      "sETC17": "661"
   },
   {
      "sDate": "20010505",
      "nDateType": "1",
      "sDesc": "어린이날",
      "sETC1": "2007",
      "sETC2": "100-055-564",
      "sETC3": "테스트8",
      "sETC4": "9071",
      "sETC5": "451",
      "sETC6": "9995",
      "sETC7": "7544",
      "sETC8": "5112",
      "sETC9": "656",
      "sETC10": "5586",
      "sETC11": "2766",
      "sETC12": "4456",
      "sETC13": "2006",
      "sETC14": "1527",
      "sETC15": "7023",
      "sETC16": "3090",
      "sETC17": "6084"
   },
   {
      "sDate": "20010526",
      "nDateType": "1",
      "sDesc": "석가탄신일",
      "sETC1": "2008",
      "sETC2": "100-055-564",
      "sETC3": "테스트9",
      "sETC4": "9246",
      "sETC5": "8660",
      "sETC6": "9141",
      "sETC7": "5499",
      "sETC8": "838",
      "sETC9": "9253",
      "sETC10": "5814",
      "sETC11": "1484",
      "sETC12": "184",
      "sETC13": "8411",
      "sETC14": "4523",
      "sETC15": "6638",
      "sETC16": "708",
      "sETC17": "1025"
   },
   {
      "sDate": "20010606",
      "nDateType": "1",
      "sDesc": "현충일",
      "sETC1": "2009",
      "sETC2": "100-055-564",
      "sETC3": "테스트10",
      "sETC4": "4474",
      "sETC5": "6738",
      "sETC6": "7474",
      "sETC7": "5972",
      "sETC8": "6922",
      "sETC9": "8437",
      "sETC10": "6580",
      "sETC11": "5061",
      "sETC12": "7428",
      "sETC13": "1581",
      "sETC14": "9913",
      "sETC15": "2503",
      "sETC16": "9032",
      "sETC17": "5205"
   },
   {
      "sDate": "20010101",
      "nDateType": "1",
      "sDesc": "신정",
      "sETC1": "2000",
      "sETC2": "100-055-564",
      "sETC3": "테스트1",
      "sETC4": "6391",
      "sETC5": "7257",
      "sETC6": "8935",
      "sETC7": "1233",
      "sETC8": "6599",
      "sETC9": "6026",
      "sETC10": "2348",
      "sETC11": "2289",
      "sETC12": "3584",
      "sETC13": "2036",
      "sETC14": "2863",
      "sETC15": "6178",
      "sETC16": "130",
      "sETC17": "6597"
   },
   {
      "sDate": "20010121",
      "nDateType": "1",
      "sDesc": "설날",
      "sETC1": "2001",
      "sETC2": "100-055-564",
      "sETC3": "테스트2",
      "sETC4": "3958",
      "sETC5": "9906",
      "sETC6": "2434",
      "sETC7": "3164",
      "sETC8": "6616",
      "sETC9": "523",
      "sETC10": "9746",
      "sETC11": "4242",
      "sETC12": "5663",
      "sETC13": "3967",
      "sETC14": "3682",
      "sETC15": "8637",
      "sETC16": "5050",
      "sETC17": "3463"
   },
   {
      "sDate": "20010122",
      "nDateType": "1",
      "sDesc": "설날",
      "sETC1": "2002",
      "sETC2": "100-055-564",
      "sETC3": "테스트3",
      "sETC4": "9267",
      "sETC5": "7613",
      "sETC6": "900",
      "sETC7": "2061",
      "sETC8": "300",
      "sETC9": "5984",
      "sETC10": "4951",
      "sETC11": "9046",
      "sETC12": "1678",
      "sETC13": "6758",
      "sETC14": "8284",
      "sETC15": "2661",
      "sETC16": "9935",
      "sETC17": "6402"
   },
   {
      "sDate": "20010123",
      "nDateType": "1",
      "sDesc": "설날",
      "sETC1": "2003",
      "sETC2": "100-055-564",
      "sETC3": "테스트4",
      "sETC4": "9461",
      "sETC5": "3432",
      "sETC6": "9057",
      "sETC7": "7929",
      "sETC8": "6289",
      "sETC9": "8948",
      "sETC10": "6784",
      "sETC11": "202",
      "sETC12": "7053",
      "sETC13": "5876",
      "sETC14": "8378",
      "sETC15": "2397",
      "sETC16": "5807",
      "sETC17": "3581"
   },
   {
      "sDate": "20010301",
      "nDateType": "1",
      "sDesc": "삼일절",
      "sETC1": "2004",
      "sETC2": "100-055-564",
      "sETC3": "테스트5",
      "sETC4": "2929",
      "sETC5": "377",
      "sETC6": "6252",
      "sETC7": "5921",
      "sETC8": "4891",
      "sETC9": "4789",
      "sETC10": "9371",
      "sETC11": "7816",
      "sETC12": "9061",
      "sETC13": "2607",
      "sETC14": "2884",
      "sETC15": "4239",
      "sETC16": "5952",
      "sETC17": "1553"
   },
   {
      "sDate": "20010405",
      "nDateType": "1",
      "sDesc": "식목일",
      "sETC1": "2005",
      "sETC2": "100-055-564",
      "sETC3": "테스트6",
      "sETC4": "980",
      "sETC5": "6286",
      "sETC6": "5944",
      "sETC7": "4449",
      "sETC8": "1135",
      "sETC9": "2410",
      "sETC10": "3330",
      "sETC11": "8813",
      "sETC12": "500",
      "sETC13": "9315",
      "sETC14": "183",
      "sETC15": "4823",
      "sETC16": "291",
      "sETC17": "1821"
   },
   {
      "sDate": "20010501",
      "nDateType": "1",
      "sDesc": "근로자의날",
      "sETC1": "2006",
      "sETC2": "100-055-564",
      "sETC3": "테스트7",
      "sETC4": "2496",
      "sETC5": "7803",
      "sETC6": "4238",
      "sETC7": "480",
      "sETC8": "1715",
      "sETC9": "7313",
      "sETC10": "37",
      "sETC11": "909",
      "sETC12": "1128",
      "sETC13": "7955",
      "sETC14": "6232",
      "sETC15": "5979",
      "sETC16": "4010",
      "sETC17": "661"
   },
   {
      "sDate": "20010505",
      "nDateType": "1",
      "sDesc": "어린이날",
      "sETC1": "2007",
      "sETC2": "100-055-564",
      "sETC3": "테스트8",
      "sETC4": "9071",
      "sETC5": "451",
      "sETC6": "9995",
      "sETC7": "7544",
      "sETC8": "5112",
      "sETC9": "656",
      "sETC10": "5586",
      "sETC11": "2766",
      "sETC12": "4456",
      "sETC13": "2006",
      "sETC14": "1527",
      "sETC15": "7023",
      "sETC16": "3090",
      "sETC17": "6084"
   },
   {
      "sDate": "20010526",
      "nDateType": "1",
      "sDesc": "석가탄신일",
      "sETC1": "2008",
      "sETC2": "100-055-564",
      "sETC3": "테스트9",
      "sETC4": "9246",
      "sETC5": "8660",
      "sETC6": "9141",
      "sETC7": "5499",
      "sETC8": "838",
      "sETC9": "9253",
      "sETC10": "5814",
      "sETC11": "1484",
      "sETC12": "184",
      "sETC13": "8411",
      "sETC14": "4523",
      "sETC15": "6638",
      "sETC16": "708",
      "sETC17": "1025"
   },
   {
      "sDate": "20010606",
      "nDateType": "1",
      "sDesc": "현충일",
      "sETC1": "2009",
      "sETC2": "100-055-564",
      "sETC3": "테스트10",
      "sETC4": "4474",
      "sETC5": "6738",
      "sETC6": "7474",
      "sETC7": "5972",
      "sETC8": "6922",
      "sETC9": "8437",
      "sETC10": "6580",
      "sETC11": "5061",
      "sETC12": "7428",
      "sETC13": "1581",
      "sETC14": "9913",
      "sETC15": "2503",
      "sETC16": "9032",
      "sETC17": "5205"
   },
   {
      "sDate": "20010101",
      "nDateType": "1",
      "sDesc": "신정",
      "sETC1": "2000",
      "sETC2": "100-055-564",
      "sETC3": "테스트1",
      "sETC4": "6391",
      "sETC5": "7257",
      "sETC6": "8935",
      "sETC7": "1233",
      "sETC8": "6599",
      "sETC9": "6026",
      "sETC10": "2348",
      "sETC11": "2289",
      "sETC12": "3584",
      "sETC13": "2036",
      "sETC14": "2863",
      "sETC15": "6178",
      "sETC16": "130",
      "sETC17": "6597"
   },
   {
      "sDate": "20010121",
      "nDateType": "1",
      "sDesc": "설날",
      "sETC1": "2001",
      "sETC2": "100-055-564",
      "sETC3": "테스트2",
      "sETC4": "3958",
      "sETC5": "9906",
      "sETC6": "2434",
      "sETC7": "3164",
      "sETC8": "6616",
      "sETC9": "523",
      "sETC10": "9746",
      "sETC11": "4242",
      "sETC12": "5663",
      "sETC13": "3967",
      "sETC14": "3682",
      "sETC15": "8637",
      "sETC16": "5050",
      "sETC17": "3463"
   },
   {
      "sDate": "20010122",
      "nDateType": "1",
      "sDesc": "설날",
      "sETC1": "2002",
      "sETC2": "100-055-564",
      "sETC3": "테스트3",
      "sETC4": "9267",
      "sETC5": "7613",
      "sETC6": "900",
      "sETC7": "2061",
      "sETC8": "300",
      "sETC9": "5984",
      "sETC10": "4951",
      "sETC11": "9046",
      "sETC12": "1678",
      "sETC13": "6758",
      "sETC14": "8284",
      "sETC15": "2661",
      "sETC16": "9935",
      "sETC17": "6402"
   },
   {
      "sDate": "20010123",
      "nDateType": "1",
      "sDesc": "설날",
      "sETC1": "2003",
      "sETC2": "100-055-564",
      "sETC3": "테스트4",
      "sETC4": "9461",
      "sETC5": "3432",
      "sETC6": "9057",
      "sETC7": "7929",
      "sETC8": "6289",
      "sETC9": "8948",
      "sETC10": "6784",
      "sETC11": "202",
      "sETC12": "7053",
      "sETC13": "5876",
      "sETC14": "8378",
      "sETC15": "2397",
      "sETC16": "5807",
      "sETC17": "3581"
   },
   {
      "sDate": "20010301",
      "nDateType": "1",
      "sDesc": "삼일절",
      "sETC1": "2004",
      "sETC2": "100-055-564",
      "sETC3": "테스트5",
      "sETC4": "2929",
      "sETC5": "377",
      "sETC6": "6252",
      "sETC7": "5921",
      "sETC8": "4891",
      "sETC9": "4789",
      "sETC10": "9371",
      "sETC11": "7816",
      "sETC12": "9061",
      "sETC13": "2607",
      "sETC14": "2884",
      "sETC15": "4239",
      "sETC16": "5952",
      "sETC17": "1553"
   },
   {
      "sDate": "20010405",
      "nDateType": "1",
      "sDesc": "식목일",
      "sETC1": "2005",
      "sETC2": "100-055-564",
      "sETC3": "테스트6",
      "sETC4": "980",
      "sETC5": "6286",
      "sETC6": "5944",
      "sETC7": "4449",
      "sETC8": "1135",
      "sETC9": "2410",
      "sETC10": "3330",
      "sETC11": "8813",
      "sETC12": "500",
      "sETC13": "9315",
      "sETC14": "183",
      "sETC15": "4823",
      "sETC16": "291",
      "sETC17": "1821"
   },
   {
      "sDate": "20010501",
      "nDateType": "1",
      "sDesc": "근로자의날",
      "sETC1": "2006",
      "sETC2": "100-055-564",
      "sETC3": "테스트7",
      "sETC4": "2496",
      "sETC5": "7803",
      "sETC6": "4238",
      "sETC7": "480",
      "sETC8": "1715",
      "sETC9": "7313",
      "sETC10": "37",
      "sETC11": "909",
      "sETC12": "1128",
      "sETC13": "7955",
      "sETC14": "6232",
      "sETC15": "5979",
      "sETC16": "4010",
      "sETC17": "661"
   },
   {
      "sDate": "20010505",
      "nDateType": "1",
      "sDesc": "어린이날",
      "sETC1": "2007",
      "sETC2": "100-055-564",
      "sETC3": "테스트8",
      "sETC4": "9071",
      "sETC5": "451",
      "sETC6": "9995",
      "sETC7": "7544",
      "sETC8": "5112",
      "sETC9": "656",
      "sETC10": "5586",
      "sETC11": "2766",
      "sETC12": "4456",
      "sETC13": "2006",
      "sETC14": "1527",
      "sETC15": "7023",
      "sETC16": "3090",
      "sETC17": "6084"
   },
   {
      "sDate": "20010526",
      "nDateType": "1",
      "sDesc": "석가탄신일",
      "sETC1": "2008",
      "sETC2": "100-055-564",
      "sETC3": "테스트9",
      "sETC4": "9246",
      "sETC5": "8660",
      "sETC6": "9141",
      "sETC7": "5499",
      "sETC8": "838",
      "sETC9": "9253",
      "sETC10": "5814",
      "sETC11": "1484",
      "sETC12": "184",
      "sETC13": "8411",
      "sETC14": "4523",
      "sETC15": "6638",
      "sETC16": "708",
      "sETC17": "1025"
   },
   {
      "sDate": "20010606",
      "nDateType": "1",
      "sDesc": "현충일",
      "sETC1": "2009",
      "sETC2": "100-055-564",
      "sETC3": "테스트10",
      "sETC4": "4474",
      "sETC5": "6738",
      "sETC6": "7474",
      "sETC7": "5972",
      "sETC8": "6922",
      "sETC9": "8437",
      "sETC10": "6580",
      "sETC11": "5061",
      "sETC12": "7428",
      "sETC13": "1581",
      "sETC14": "9913",
      "sETC15": "2503",
      "sETC16": "9032",
      "sETC17": "5205"
   },
   {
      "sDate": "20010101",
      "nDateType": "1",
      "sDesc": "신정",
      "sETC1": "2000",
      "sETC2": "100-055-564",
      "sETC3": "테스트1",
      "sETC4": "6391",
      "sETC5": "7257",
      "sETC6": "8935",
      "sETC7": "1233",
      "sETC8": "6599",
      "sETC9": "6026",
      "sETC10": "2348",
      "sETC11": "2289",
      "sETC12": "3584",
      "sETC13": "2036",
      "sETC14": "2863",
      "sETC15": "6178",
      "sETC16": "130",
      "sETC17": "6597"
   },
   {
      "sDate": "20010121",
      "nDateType": "1",
      "sDesc": "설날",
      "sETC1": "2001",
      "sETC2": "100-055-564",
      "sETC3": "테스트2",
      "sETC4": "3958",
      "sETC5": "9906",
      "sETC6": "2434",
      "sETC7": "3164",
      "sETC8": "6616",
      "sETC9": "523",
      "sETC10": "9746",
      "sETC11": "4242",
      "sETC12": "5663",
      "sETC13": "3967",
      "sETC14": "3682",
      "sETC15": "8637",
      "sETC16": "5050",
      "sETC17": "3463"
   },
   {
      "sDate": "20010122",
      "nDateType": "1",
      "sDesc": "설날",
      "sETC1": "2002",
      "sETC2": "100-055-564",
      "sETC3": "테스트3",
      "sETC4": "9267",
      "sETC5": "7613",
      "sETC6": "900",
      "sETC7": "2061",
      "sETC8": "300",
      "sETC9": "5984",
      "sETC10": "4951",
      "sETC11": "9046",
      "sETC12": "1678",
      "sETC13": "6758",
      "sETC14": "8284",
      "sETC15": "2661",
      "sETC16": "9935",
      "sETC17": "6402"
   },
   {
      "sDate": "20010123",
      "nDateType": "1",
      "sDesc": "설날",
      "sETC1": "2003",
      "sETC2": "100-055-564",
      "sETC3": "테스트4",
      "sETC4": "9461",
      "sETC5": "3432",
      "sETC6": "9057",
      "sETC7": "7929",
      "sETC8": "6289",
      "sETC9": "8948",
      "sETC10": "6784",
      "sETC11": "202",
      "sETC12": "7053",
      "sETC13": "5876",
      "sETC14": "8378",
      "sETC15": "2397",
      "sETC16": "5807",
      "sETC17": "3581"
   },
   {
      "sDate": "20010301",
      "nDateType": "1",
      "sDesc": "삼일절",
      "sETC1": "2004",
      "sETC2": "100-055-564",
      "sETC3": "테스트5",
      "sETC4": "2929",
      "sETC5": "377",
      "sETC6": "6252",
      "sETC7": "5921",
      "sETC8": "4891",
      "sETC9": "4789",
      "sETC10": "9371",
      "sETC11": "7816",
      "sETC12": "9061",
      "sETC13": "2607",
      "sETC14": "2884",
      "sETC15": "4239",
      "sETC16": "5952",
      "sETC17": "1553"
   },
   {
      "sDate": "20010405",
      "nDateType": "1",
      "sDesc": "식목일",
      "sETC1": "2005",
      "sETC2": "100-055-564",
      "sETC3": "테스트6",
      "sETC4": "980",
      "sETC5": "6286",
      "sETC6": "5944",
      "sETC7": "4449",
      "sETC8": "1135",
      "sETC9": "2410",
      "sETC10": "3330",
      "sETC11": "8813",
      "sETC12": "500",
      "sETC13": "9315",
      "sETC14": "183",
      "sETC15": "4823",
      "sETC16": "291",
      "sETC17": "1821"
   },
   {
      "sDate": "20010501",
      "nDateType": "1",
      "sDesc": "근로자의날",
      "sETC1": "2006",
      "sETC2": "100-055-564",
      "sETC3": "테스트7",
      "sETC4": "2496",
      "sETC5": "7803",
      "sETC6": "4238",
      "sETC7": "480",
      "sETC8": "1715",
      "sETC9": "7313",
      "sETC10": "37",
      "sETC11": "909",
      "sETC12": "1128",
      "sETC13": "7955",
      "sETC14": "6232",
      "sETC15": "5979",
      "sETC16": "4010",
      "sETC17": "661"
   },
   {
      "sDate": "20010505",
      "nDateType": "1",
      "sDesc": "어린이날",
      "sETC1": "2007",
      "sETC2": "100-055-564",
      "sETC3": "테스트8",
      "sETC4": "9071",
      "sETC5": "451",
      "sETC6": "9995",
      "sETC7": "7544",
      "sETC8": "5112",
      "sETC9": "656",
      "sETC10": "5586",
      "sETC11": "2766",
      "sETC12": "4456",
      "sETC13": "2006",
      "sETC14": "1527",
      "sETC15": "7023",
      "sETC16": "3090",
      "sETC17": "6084"
   },
   {
      "sDate": "20010526",
      "nDateType": "1",
      "sDesc": "석가탄신일",
      "sETC1": "2008",
      "sETC2": "100-055-564",
      "sETC3": "테스트9",
      "sETC4": "9246",
      "sETC5": "8660",
      "sETC6": "9141",
      "sETC7": "5499",
      "sETC8": "838",
      "sETC9": "9253",
      "sETC10": "5814",
      "sETC11": "1484",
      "sETC12": "184",
      "sETC13": "8411",
      "sETC14": "4523",
      "sETC15": "6638",
      "sETC16": "708",
      "sETC17": "1025"
   },
   {
      "sDate": "20010606",
      "nDateType": "1",
      "sDesc": "현충일",
      "sETC1": "2009",
      "sETC2": "100-055-564",
      "sETC3": "테스트10",
      "sETC4": "4474",
      "sETC5": "6738",
      "sETC6": "7474",
      "sETC7": "5972",
      "sETC8": "6922",
      "sETC9": "8437",
      "sETC10": "6580",
      "sETC11": "5061",
      "sETC12": "7428",
      "sETC13": "1581",
      "sETC14": "9913",
      "sETC15": "2503",
      "sETC16": "9032",
      "sETC17": "5205"
   },
   {
      "sDate": "20010101",
      "nDateType": "1",
      "sDesc": "신정",
      "sETC1": "2000",
      "sETC2": "100-055-564",
      "sETC3": "테스트1",
      "sETC4": "6391",
      "sETC5": "7257",
      "sETC6": "8935",
      "sETC7": "1233",
      "sETC8": "6599",
      "sETC9": "6026",
      "sETC10": "2348",
      "sETC11": "2289",
      "sETC12": "3584",
      "sETC13": "2036",
      "sETC14": "2863",
      "sETC15": "6178",
      "sETC16": "130",
      "sETC17": "6597"
   },
   {
      "sDate": "20010121",
      "nDateType": "1",
      "sDesc": "설날",
      "sETC1": "2001",
      "sETC2": "100-055-564",
      "sETC3": "테스트2",
      "sETC4": "3958",
      "sETC5": "9906",
      "sETC6": "2434",
      "sETC7": "3164",
      "sETC8": "6616",
      "sETC9": "523",
      "sETC10": "9746",
      "sETC11": "4242",
      "sETC12": "5663",
      "sETC13": "3967",
      "sETC14": "3682",
      "sETC15": "8637",
      "sETC16": "5050",
      "sETC17": "3463"
   },
   {
      "sDate": "20010122",
      "nDateType": "1",
      "sDesc": "설날",
      "sETC1": "2002",
      "sETC2": "100-055-564",
      "sETC3": "테스트3",
      "sETC4": "9267",
      "sETC5": "7613",
      "sETC6": "900",
      "sETC7": "2061",
      "sETC8": "300",
      "sETC9": "5984",
      "sETC10": "4951",
      "sETC11": "9046",
      "sETC12": "1678",
      "sETC13": "6758",
      "sETC14": "8284",
      "sETC15": "2661",
      "sETC16": "9935",
      "sETC17": "6402"
   },
   {
      "sDate": "20010123",
      "nDateType": "1",
      "sDesc": "설날",
      "sETC1": "2003",
      "sETC2": "100-055-564",
      "sETC3": "테스트4",
      "sETC4": "9461",
      "sETC5": "3432",
      "sETC6": "9057",
      "sETC7": "7929",
      "sETC8": "6289",
      "sETC9": "8948",
      "sETC10": "6784",
      "sETC11": "202",
      "sETC12": "7053",
      "sETC13": "5876",
      "sETC14": "8378",
      "sETC15": "2397",
      "sETC16": "5807",
      "sETC17": "3581"
   },
   {
      "sDate": "20010301",
      "nDateType": "1",
      "sDesc": "삼일절",
      "sETC1": "2004",
      "sETC2": "100-055-564",
      "sETC3": "테스트5",
      "sETC4": "2929",
      "sETC5": "377",
      "sETC6": "6252",
      "sETC7": "5921",
      "sETC8": "4891",
      "sETC9": "4789",
      "sETC10": "9371",
      "sETC11": "7816",
      "sETC12": "9061",
      "sETC13": "2607",
      "sETC14": "2884",
      "sETC15": "4239",
      "sETC16": "5952",
      "sETC17": "1553"
   },
   {
      "sDate": "20010405",
      "nDateType": "1",
      "sDesc": "식목일",
      "sETC1": "2005",
      "sETC2": "100-055-564",
      "sETC3": "테스트6",
      "sETC4": "980",
      "sETC5": "6286",
      "sETC6": "5944",
      "sETC7": "4449",
      "sETC8": "1135",
      "sETC9": "2410",
      "sETC10": "3330",
      "sETC11": "8813",
      "sETC12": "500",
      "sETC13": "9315",
      "sETC14": "183",
      "sETC15": "4823",
      "sETC16": "291",
      "sETC17": "1821"
   },
   {
      "sDate": "20010501",
      "nDateType": "1",
      "sDesc": "근로자의날",
      "sETC1": "2006",
      "sETC2": "100-055-564",
      "sETC3": "테스트7",
      "sETC4": "2496",
      "sETC5": "7803",
      "sETC6": "4238",
      "sETC7": "480",
      "sETC8": "1715",
      "sETC9": "7313",
      "sETC10": "37",
      "sETC11": "909",
      "sETC12": "1128",
      "sETC13": "7955",
      "sETC14": "6232",
      "sETC15": "5979",
      "sETC16": "4010",
      "sETC17": "661"
   },
   {
      "sDate": "20010505",
      "nDateType": "1",
      "sDesc": "어린이날",
      "sETC1": "2007",
      "sETC2": "100-055-564",
      "sETC3": "테스트8",
      "sETC4": "9071",
      "sETC5": "451",
      "sETC6": "9995",
      "sETC7": "7544",
      "sETC8": "5112",
      "sETC9": "656",
      "sETC10": "5586",
      "sETC11": "2766",
      "sETC12": "4456",
      "sETC13": "2006",
      "sETC14": "1527",
      "sETC15": "7023",
      "sETC16": "3090",
      "sETC17": "6084"
   },
   {
      "sDate": "20010526",
      "nDateType": "1",
      "sDesc": "석가탄신일",
      "sETC1": "2008",
      "sETC2": "100-055-564",
      "sETC3": "테스트9",
      "sETC4": "9246",
      "sETC5": "8660",
      "sETC6": "9141",
      "sETC7": "5499",
      "sETC8": "838",
      "sETC9": "9253",
      "sETC10": "5814",
      "sETC11": "1484",
      "sETC12": "184",
      "sETC13": "8411",
      "sETC14": "4523",
      "sETC15": "6638",
      "sETC16": "708",
      "sETC17": "1025"
   },
   {
      "sDate": "20010606",
      "nDateType": "1",
      "sDesc": "현충일",
      "sETC1": "2009",
      "sETC2": "100-055-564",
      "sETC3": "테스트10",
      "sETC4": "4474",
      "sETC5": "6738",
      "sETC6": "7474",
      "sETC7": "5972",
      "sETC8": "6922",
      "sETC9": "8437",
      "sETC10": "6580",
      "sETC11": "5061",
      "sETC12": "7428",
      "sETC13": "1581",
      "sETC14": "9913",
      "sETC15": "2503",
      "sETC16": "9032",
      "sETC17": "5205"
   },
   {
      "sDate": "20010101",
      "nDateType": "1",
      "sDesc": "신정",
      "sETC1": "2000",
      "sETC2": "100-055-564",
      "sETC3": "테스트1",
      "sETC4": "6391",
      "sETC5": "7257",
      "sETC6": "8935",
      "sETC7": "1233",
      "sETC8": "6599",
      "sETC9": "6026",
      "sETC10": "2348",
      "sETC11": "2289",
      "sETC12": "3584",
      "sETC13": "2036",
      "sETC14": "2863",
      "sETC15": "6178",
      "sETC16": "130",
      "sETC17": "6597"
   },
   {
      "sDate": "20010121",
      "nDateType": "1",
      "sDesc": "설날",
      "sETC1": "2001",
      "sETC2": "100-055-564",
      "sETC3": "테스트2",
      "sETC4": "3958",
      "sETC5": "9906",
      "sETC6": "2434",
      "sETC7": "3164",
      "sETC8": "6616",
      "sETC9": "523",
      "sETC10": "9746",
      "sETC11": "4242",
      "sETC12": "5663",
      "sETC13": "3967",
      "sETC14": "3682",
      "sETC15": "8637",
      "sETC16": "5050",
      "sETC17": "3463"
   },
   {
      "sDate": "20010122",
      "nDateType": "1",
      "sDesc": "설날",
      "sETC1": "2002",
      "sETC2": "100-055-564",
      "sETC3": "테스트3",
      "sETC4": "9267",
      "sETC5": "7613",
      "sETC6": "900",
      "sETC7": "2061",
      "sETC8": "300",
      "sETC9": "5984",
      "sETC10": "4951",
      "sETC11": "9046",
      "sETC12": "1678",
      "sETC13": "6758",
      "sETC14": "8284",
      "sETC15": "2661",
      "sETC16": "9935",
      "sETC17": "6402"
   },
   {
      "sDate": "20010123",
      "nDateType": "1",
      "sDesc": "설날",
      "sETC1": "2003",
      "sETC2": "100-055-564",
      "sETC3": "테스트4",
      "sETC4": "9461",
      "sETC5": "3432",
      "sETC6": "9057",
      "sETC7": "7929",
      "sETC8": "6289",
      "sETC9": "8948",
      "sETC10": "6784",
      "sETC11": "202",
      "sETC12": "7053",
      "sETC13": "5876",
      "sETC14": "8378",
      "sETC15": "2397",
      "sETC16": "5807",
      "sETC17": "3581"
   },
   {
      "sDate": "20010301",
      "nDateType": "1",
      "sDesc": "삼일절",
      "sETC1": "2004",
      "sETC2": "100-055-564",
      "sETC3": "테스트5",
      "sETC4": "2929",
      "sETC5": "377",
      "sETC6": "6252",
      "sETC7": "5921",
      "sETC8": "4891",
      "sETC9": "4789",
      "sETC10": "9371",
      "sETC11": "7816",
      "sETC12": "9061",
      "sETC13": "2607",
      "sETC14": "2884",
      "sETC15": "4239",
      "sETC16": "5952",
      "sETC17": "1553"
   },
   {
      "sDate": "20010405",
      "nDateType": "1",
      "sDesc": "식목일",
      "sETC1": "2005",
      "sETC2": "100-055-564",
      "sETC3": "테스트6",
      "sETC4": "980",
      "sETC5": "6286",
      "sETC6": "5944",
      "sETC7": "4449",
      "sETC8": "1135",
      "sETC9": "2410",
      "sETC10": "3330",
      "sETC11": "8813",
      "sETC12": "500",
      "sETC13": "9315",
      "sETC14": "183",
      "sETC15": "4823",
      "sETC16": "291",
      "sETC17": "1821"
   },
   {
      "sDate": "20010501",
      "nDateType": "1",
      "sDesc": "근로자의날",
      "sETC1": "2006",
      "sETC2": "100-055-564",
      "sETC3": "테스트7",
      "sETC4": "2496",
      "sETC5": "7803",
      "sETC6": "4238",
      "sETC7": "480",
      "sETC8": "1715",
      "sETC9": "7313",
      "sETC10": "37",
      "sETC11": "909",
      "sETC12": "1128",
      "sETC13": "7955",
      "sETC14": "6232",
      "sETC15": "5979",
      "sETC16": "4010",
      "sETC17": "661"
   },
   {
      "sDate": "20010505",
      "nDateType": "1",
      "sDesc": "어린이날",
      "sETC1": "2007",
      "sETC2": "100-055-564",
      "sETC3": "테스트8",
      "sETC4": "9071",
      "sETC5": "451",
      "sETC6": "9995",
      "sETC7": "7544",
      "sETC8": "5112",
      "sETC9": "656",
      "sETC10": "5586",
      "sETC11": "2766",
      "sETC12": "4456",
      "sETC13": "2006",
      "sETC14": "1527",
      "sETC15": "7023",
      "sETC16": "3090",
      "sETC17": "6084"
   },
   {
      "sDate": "20010526",
      "nDateType": "1",
      "sDesc": "석가탄신일",
      "sETC1": "2008",
      "sETC2": "100-055-564",
      "sETC3": "테스트9",
      "sETC4": "9246",
      "sETC5": "8660",
      "sETC6": "9141",
      "sETC7": "5499",
      "sETC8": "838",
      "sETC9": "9253",
      "sETC10": "5814",
      "sETC11": "1484",
      "sETC12": "184",
      "sETC13": "8411",
      "sETC14": "4523",
      "sETC15": "6638",
      "sETC16": "708",
      "sETC17": "1025"
   },
   {
      "sDate": "20010606",
      "nDateType": "1",
      "sDesc": "현충일",
      "sETC1": "2009",
      "sETC2": "100-055-564",
      "sETC3": "테스트10",
      "sETC4": "4474",
      "sETC5": "6738",
      "sETC6": "7474",
      "sETC7": "5972",
      "sETC8": "6922",
      "sETC9": "8437",
      "sETC10": "6580",
      "sETC11": "5061",
      "sETC12": "7428",
      "sETC13": "1581",
      "sETC14": "9913",
      "sETC15": "2503",
      "sETC16": "9032",
      "sETC17": "5205"
   },
   {
      "sDate": "20010101",
      "nDateType": "1",
      "sDesc": "신정",
      "sETC1": "2000",
      "sETC2": "100-055-564",
      "sETC3": "테스트1",
      "sETC4": "6391",
      "sETC5": "7257",
      "sETC6": "8935",
      "sETC7": "1233",
      "sETC8": "6599",
      "sETC9": "6026",
      "sETC10": "2348",
      "sETC11": "2289",
      "sETC12": "3584",
      "sETC13": "2036",
      "sETC14": "2863",
      "sETC15": "6178",
      "sETC16": "130",
      "sETC17": "6597"
   },
   {
      "sDate": "20010121",
      "nDateType": "1",
      "sDesc": "설날",
      "sETC1": "2001",
      "sETC2": "100-055-564",
      "sETC3": "테스트2",
      "sETC4": "3958",
      "sETC5": "9906",
      "sETC6": "2434",
      "sETC7": "3164",
      "sETC8": "6616",
      "sETC9": "523",
      "sETC10": "9746",
      "sETC11": "4242",
      "sETC12": "5663",
      "sETC13": "3967",
      "sETC14": "3682",
      "sETC15": "8637",
      "sETC16": "5050",
      "sETC17": "3463"
   },
   {
      "sDate": "20010122",
      "nDateType": "1",
      "sDesc": "설날",
      "sETC1": "2002",
      "sETC2": "100-055-564",
      "sETC3": "테스트3",
      "sETC4": "9267",
      "sETC5": "7613",
      "sETC6": "900",
      "sETC7": "2061",
      "sETC8": "300",
      "sETC9": "5984",
      "sETC10": "4951",
      "sETC11": "9046",
      "sETC12": "1678",
      "sETC13": "6758",
      "sETC14": "8284",
      "sETC15": "2661",
      "sETC16": "9935",
      "sETC17": "6402"
   },
   {
      "sDate": "20010123",
      "nDateType": "1",
      "sDesc": "설날",
      "sETC1": "2003",
      "sETC2": "100-055-564",
      "sETC3": "테스트4",
      "sETC4": "9461",
      "sETC5": "3432",
      "sETC6": "9057",
      "sETC7": "7929",
      "sETC8": "6289",
      "sETC9": "8948",
      "sETC10": "6784",
      "sETC11": "202",
      "sETC12": "7053",
      "sETC13": "5876",
      "sETC14": "8378",
      "sETC15": "2397",
      "sETC16": "5807",
      "sETC17": "3581"
   },
   {
      "sDate": "20010301",
      "nDateType": "1",
      "sDesc": "삼일절",
      "sETC1": "2004",
      "sETC2": "100-055-564",
      "sETC3": "테스트5",
      "sETC4": "2929",
      "sETC5": "377",
      "sETC6": "6252",
      "sETC7": "5921",
      "sETC8": "4891",
      "sETC9": "4789",
      "sETC10": "9371",
      "sETC11": "7816",
      "sETC12": "9061",
      "sETC13": "2607",
      "sETC14": "2884",
      "sETC15": "4239",
      "sETC16": "5952",
      "sETC17": "1553"
   },
   {
      "sDate": "20010405",
      "nDateType": "1",
      "sDesc": "식목일",
      "sETC1": "2005",
      "sETC2": "100-055-564",
      "sETC3": "테스트6",
      "sETC4": "980",
      "sETC5": "6286",
      "sETC6": "5944",
      "sETC7": "4449",
      "sETC8": "1135",
      "sETC9": "2410",
      "sETC10": "3330",
      "sETC11": "8813",
      "sETC12": "500",
      "sETC13": "9315",
      "sETC14": "183",
      "sETC15": "4823",
      "sETC16": "291",
      "sETC17": "1821"
   },
   {
      "sDate": "20010501",
      "nDateType": "1",
      "sDesc": "근로자의날",
      "sETC1": "2006",
      "sETC2": "100-055-564",
      "sETC3": "테스트7",
      "sETC4": "2496",
      "sETC5": "7803",
      "sETC6": "4238",
      "sETC7": "480",
      "sETC8": "1715",
      "sETC9": "7313",
      "sETC10": "37",
      "sETC11": "909",
      "sETC12": "1128",
      "sETC13": "7955",
      "sETC14": "6232",
      "sETC15": "5979",
      "sETC16": "4010",
      "sETC17": "661"
   },
   {
      "sDate": "20010505",
      "nDateType": "1",
      "sDesc": "어린이날",
      "sETC1": "2007",
      "sETC2": "100-055-564",
      "sETC3": "테스트8",
      "sETC4": "9071",
      "sETC5": "451",
      "sETC6": "9995",
      "sETC7": "7544",
      "sETC8": "5112",
      "sETC9": "656",
      "sETC10": "5586",
      "sETC11": "2766",
      "sETC12": "4456",
      "sETC13": "2006",
      "sETC14": "1527",
      "sETC15": "7023",
      "sETC16": "3090",
      "sETC17": "6084"
   },
   {
      "sDate": "20010526",
      "nDateType": "1",
      "sDesc": "석가탄신일",
      "sETC1": "2008",
      "sETC2": "100-055-564",
      "sETC3": "테스트9",
      "sETC4": "9246",
      "sETC5": "8660",
      "sETC6": "9141",
      "sETC7": "5499",
      "sETC8": "838",
      "sETC9": "9253",
      "sETC10": "5814",
      "sETC11": "1484",
      "sETC12": "184",
      "sETC13": "8411",
      "sETC14": "4523",
      "sETC15": "6638",
      "sETC16": "708",
      "sETC17": "1025"
   },
   {
      "sDate": "20010606",
      "nDateType": "1",
      "sDesc": "현충일",
      "sETC1": "2009",
      "sETC2": "100-055-564",
      "sETC3": "테스트10",
      "sETC4": "4474",
      "sETC5": "6738",
      "sETC6": "7474",
      "sETC7": "5972",
      "sETC8": "6922",
      "sETC9": "8437",
      "sETC10": "6580",
      "sETC11": "5061",
      "sETC12": "7428",
      "sETC13": "1581",
      "sETC14": "9913",
      "sETC15": "2503",
      "sETC16": "9032",
      "sETC17": "5205"
   },
   {
      "sDate": "20010101",
      "nDateType": "1",
      "sDesc": "신정",
      "sETC1": "2000",
      "sETC2": "100-055-564",
      "sETC3": "테스트1",
      "sETC4": "6391",
      "sETC5": "7257",
      "sETC6": "8935",
      "sETC7": "1233",
      "sETC8": "6599",
      "sETC9": "6026",
      "sETC10": "2348",
      "sETC11": "2289",
      "sETC12": "3584",
      "sETC13": "2036",
      "sETC14": "2863",
      "sETC15": "6178",
      "sETC16": "130",
      "sETC17": "6597"
   },
   {
      "sDate": "20010121",
      "nDateType": "1",
      "sDesc": "설날",
      "sETC1": "2001",
      "sETC2": "100-055-564",
      "sETC3": "테스트2",
      "sETC4": "3958",
      "sETC5": "9906",
      "sETC6": "2434",
      "sETC7": "3164",
      "sETC8": "6616",
      "sETC9": "523",
      "sETC10": "9746",
      "sETC11": "4242",
      "sETC12": "5663",
      "sETC13": "3967",
      "sETC14": "3682",
      "sETC15": "8637",
      "sETC16": "5050",
      "sETC17": "3463"
   },
   {
      "sDate": "20010122",
      "nDateType": "1",
      "sDesc": "설날",
      "sETC1": "2002",
      "sETC2": "100-055-564",
      "sETC3": "테스트3",
      "sETC4": "9267",
      "sETC5": "7613",
      "sETC6": "900",
      "sETC7": "2061",
      "sETC8": "300",
      "sETC9": "5984",
      "sETC10": "4951",
      "sETC11": "9046",
      "sETC12": "1678",
      "sETC13": "6758",
      "sETC14": "8284",
      "sETC15": "2661",
      "sETC16": "9935",
      "sETC17": "6402"
   },
   {
      "sDate": "20010123",
      "nDateType": "1",
      "sDesc": "설날",
      "sETC1": "2003",
      "sETC2": "100-055-564",
      "sETC3": "테스트4",
      "sETC4": "9461",
      "sETC5": "3432",
      "sETC6": "9057",
      "sETC7": "7929",
      "sETC8": "6289",
      "sETC9": "8948",
      "sETC10": "6784",
      "sETC11": "202",
      "sETC12": "7053",
      "sETC13": "5876",
      "sETC14": "8378",
      "sETC15": "2397",
      "sETC16": "5807",
      "sETC17": "3581"
   },
   {
      "sDate": "20010301",
      "nDateType": "1",
      "sDesc": "삼일절",
      "sETC1": "2004",
      "sETC2": "100-055-564",
      "sETC3": "테스트5",
      "sETC4": "2929",
      "sETC5": "377",
      "sETC6": "6252",
      "sETC7": "5921",
      "sETC8": "4891",
      "sETC9": "4789",
      "sETC10": "9371",
      "sETC11": "7816",
      "sETC12": "9061",
      "sETC13": "2607",
      "sETC14": "2884",
      "sETC15": "4239",
      "sETC16": "5952",
      "sETC17": "1553"
   },
   {
      "sDate": "20010405",
      "nDateType": "1",
      "sDesc": "식목일",
      "sETC1": "2005",
      "sETC2": "100-055-564",
      "sETC3": "테스트6",
      "sETC4": "980",
      "sETC5": "6286",
      "sETC6": "5944",
      "sETC7": "4449",
      "sETC8": "1135",
      "sETC9": "2410",
      "sETC10": "3330",
      "sETC11": "8813",
      "sETC12": "500",
      "sETC13": "9315",
      "sETC14": "183",
      "sETC15": "4823",
      "sETC16": "291",
      "sETC17": "1821"
   },
   {
      "sDate": "20010501",
      "nDateType": "1",
      "sDesc": "근로자의날",
      "sETC1": "2006",
      "sETC2": "100-055-564",
      "sETC3": "테스트7",
      "sETC4": "2496",
      "sETC5": "7803",
      "sETC6": "4238",
      "sETC7": "480",
      "sETC8": "1715",
      "sETC9": "7313",
      "sETC10": "37",
      "sETC11": "909",
      "sETC12": "1128",
      "sETC13": "7955",
      "sETC14": "6232",
      "sETC15": "5979",
      "sETC16": "4010",
      "sETC17": "661"
   },
   {
      "sDate": "20010505",
      "nDateType": "1",
      "sDesc": "어린이날",
      "sETC1": "2007",
      "sETC2": "100-055-564",
      "sETC3": "테스트8",
      "sETC4": "9071",
      "sETC5": "451",
      "sETC6": "9995",
      "sETC7": "7544",
      "sETC8": "5112",
      "sETC9": "656",
      "sETC10": "5586",
      "sETC11": "2766",
      "sETC12": "4456",
      "sETC13": "2006",
      "sETC14": "1527",
      "sETC15": "7023",
      "sETC16": "3090",
      "sETC17": "6084"
   },
   {
      "sDate": "20010526",
      "nDateType": "1",
      "sDesc": "석가탄신일",
      "sETC1": "2008",
      "sETC2": "100-055-564",
      "sETC3": "테스트9",
      "sETC4": "9246",
      "sETC5": "8660",
      "sETC6": "9141",
      "sETC7": "5499",
      "sETC8": "838",
      "sETC9": "9253",
      "sETC10": "5814",
      "sETC11": "1484",
      "sETC12": "184",
      "sETC13": "8411",
      "sETC14": "4523",
      "sETC15": "6638",
      "sETC16": "708",
      "sETC17": "1025"
   },
   {
      "sDate": "20010606",
      "nDateType": "1",
      "sDesc": "현충일",
      "sETC1": "2009",
      "sETC2": "100-055-564",
      "sETC3": "테스트10",
      "sETC4": "4474",
      "sETC5": "6738",
      "sETC6": "7474",
      "sETC7": "5972",
      "sETC8": "6922",
      "sETC9": "8437",
      "sETC10": "6580",
      "sETC11": "5061",
      "sETC12": "7428",
      "sETC13": "1581",
      "sETC14": "9913",
      "sETC15": "2503",
      "sETC16": "9032",
      "sETC17": "5205"
   },
   {
      "sDate": "20010101",
      "nDateType": "1",
      "sDesc": "신정",
      "sETC1": "2000",
      "sETC2": "100-055-564",
      "sETC3": "테스트1",
      "sETC4": "6391",
      "sETC5": "7257",
      "sETC6": "8935",
      "sETC7": "1233",
      "sETC8": "6599",
      "sETC9": "6026",
      "sETC10": "2348",
      "sETC11": "2289",
      "sETC12": "3584",
      "sETC13": "2036",
      "sETC14": "2863",
      "sETC15": "6178",
      "sETC16": "130",
      "sETC17": "6597"
   },
   {
      "sDate": "20010121",
      "nDateType": "1",
      "sDesc": "설날",
      "sETC1": "2001",
      "sETC2": "100-055-564",
      "sETC3": "테스트2",
      "sETC4": "3958",
      "sETC5": "9906",
      "sETC6": "2434",
      "sETC7": "3164",
      "sETC8": "6616",
      "sETC9": "523",
      "sETC10": "9746",
      "sETC11": "4242",
      "sETC12": "5663",
      "sETC13": "3967",
      "sETC14": "3682",
      "sETC15": "8637",
      "sETC16": "5050",
      "sETC17": "3463"
   },
   {
      "sDate": "20010122",
      "nDateType": "1",
      "sDesc": "설날",
      "sETC1": "2002",
      "sETC2": "100-055-564",
      "sETC3": "테스트3",
      "sETC4": "9267",
      "sETC5": "7613",
      "sETC6": "900",
      "sETC7": "2061",
      "sETC8": "300",
      "sETC9": "5984",
      "sETC10": "4951",
      "sETC11": "9046",
      "sETC12": "1678",
      "sETC13": "6758",
      "sETC14": "8284",
      "sETC15": "2661",
      "sETC16": "9935",
      "sETC17": "6402"
   },
   {
      "sDate": "20010123",
      "nDateType": "1",
      "sDesc": "설날",
      "sETC1": "2003",
      "sETC2": "100-055-564",
      "sETC3": "테스트4",
      "sETC4": "9461",
      "sETC5": "3432",
      "sETC6": "9057",
      "sETC7": "7929",
      "sETC8": "6289",
      "sETC9": "8948",
      "sETC10": "6784",
      "sETC11": "202",
      "sETC12": "7053",
      "sETC13": "5876",
      "sETC14": "8378",
      "sETC15": "2397",
      "sETC16": "5807",
      "sETC17": "3581"
   },
   {
      "sDate": "20010301",
      "nDateType": "1",
      "sDesc": "삼일절",
      "sETC1": "2004",
      "sETC2": "100-055-564",
      "sETC3": "테스트5",
      "sETC4": "2929",
      "sETC5": "377",
      "sETC6": "6252",
      "sETC7": "5921",
      "sETC8": "4891",
      "sETC9": "4789",
      "sETC10": "9371",
      "sETC11": "7816",
      "sETC12": "9061",
      "sETC13": "2607",
      "sETC14": "2884",
      "sETC15": "4239",
      "sETC16": "5952",
      "sETC17": "1553"
   },
   {
      "sDate": "20010405",
      "nDateType": "1",
      "sDesc": "식목일",
      "sETC1": "2005",
      "sETC2": "100-055-564",
      "sETC3": "테스트6",
      "sETC4": "980",
      "sETC5": "6286",
      "sETC6": "5944",
      "sETC7": "4449",
      "sETC8": "1135",
      "sETC9": "2410",
      "sETC10": "3330",
      "sETC11": "8813",
      "sETC12": "500",
      "sETC13": "9315",
      "sETC14": "183",
      "sETC15": "4823",
      "sETC16": "291",
      "sETC17": "1821"
   },
   {
      "sDate": "20010501",
      "nDateType": "1",
      "sDesc": "근로자의날",
      "sETC1": "2006",
      "sETC2": "100-055-564",
      "sETC3": "테스트7",
      "sETC4": "2496",
      "sETC5": "7803",
      "sETC6": "4238",
      "sETC7": "480",
      "sETC8": "1715",
      "sETC9": "7313",
      "sETC10": "37",
      "sETC11": "909",
      "sETC12": "1128",
      "sETC13": "7955",
      "sETC14": "6232",
      "sETC15": "5979",
      "sETC16": "4010",
      "sETC17": "661"
   },
   {
      "sDate": "20010505",
      "nDateType": "1",
      "sDesc": "어린이날",
      "sETC1": "2007",
      "sETC2": "100-055-564",
      "sETC3": "테스트8",
      "sETC4": "9071",
      "sETC5": "451",
      "sETC6": "9995",
      "sETC7": "7544",
      "sETC8": "5112",
      "sETC9": "656",
      "sETC10": "5586",
      "sETC11": "2766",
      "sETC12": "4456",
      "sETC13": "2006",
      "sETC14": "1527",
      "sETC15": "7023",
      "sETC16": "3090",
      "sETC17": "6084"
   },
   {
      "sDate": "20010526",
      "nDateType": "1",
      "sDesc": "석가탄신일",
      "sETC1": "2008",
      "sETC2": "100-055-564",
      "sETC3": "테스트9",
      "sETC4": "9246",
      "sETC5": "8660",
      "sETC6": "9141",
      "sETC7": "5499",
      "sETC8": "838",
      "sETC9": "9253",
      "sETC10": "5814",
      "sETC11": "1484",
      "sETC12": "184",
      "sETC13": "8411",
      "sETC14": "4523",
      "sETC15": "6638",
      "sETC16": "708",
      "sETC17": "1025"
   },
   {
      "sDate": "20010606",
      "nDateType": "1",
      "sDesc": "현충일",
      "sETC1": "2009",
      "sETC2": "100-055-564",
      "sETC3": "테스트10",
      "sETC4": "4474",
      "sETC5": "6738",
      "sETC6": "7474",
      "sETC7": "5972",
      "sETC8": "6922",
      "sETC9": "8437",
      "sETC10": "6580",
      "sETC11": "5061",
      "sETC12": "7428",
      "sETC13": "1581",
      "sETC14": "9913",
      "sETC15": "2503",
      "sETC16": "9032",
      "sETC17": "5205"
   },
   {
      "sDate": "20010101",
      "nDateType": "1",
      "sDesc": "신정",
      "sETC1": "2000",
      "sETC2": "100-055-564",
      "sETC3": "테스트1",
      "sETC4": "6391",
      "sETC5": "7257",
      "sETC6": "8935",
      "sETC7": "1233",
      "sETC8": "6599",
      "sETC9": "6026",
      "sETC10": "2348",
      "sETC11": "2289",
      "sETC12": "3584",
      "sETC13": "2036",
      "sETC14": "2863",
      "sETC15": "6178",
      "sETC16": "130",
      "sETC17": "6597"
   },
   {
      "sDate": "20010121",
      "nDateType": "1",
      "sDesc": "설날",
      "sETC1": "2001",
      "sETC2": "100-055-564",
      "sETC3": "테스트2",
      "sETC4": "3958",
      "sETC5": "9906",
      "sETC6": "2434",
      "sETC7": "3164",
      "sETC8": "6616",
      "sETC9": "523",
      "sETC10": "9746",
      "sETC11": "4242",
      "sETC12": "5663",
      "sETC13": "3967",
      "sETC14": "3682",
      "sETC15": "8637",
      "sETC16": "5050",
      "sETC17": "3463"
   },
   {
      "sDate": "20010122",
      "nDateType": "1",
      "sDesc": "설날",
      "sETC1": "2002",
      "sETC2": "100-055-564",
      "sETC3": "테스트3",
      "sETC4": "9267",
      "sETC5": "7613",
      "sETC6": "900",
      "sETC7": "2061",
      "sETC8": "300",
      "sETC9": "5984",
      "sETC10": "4951",
      "sETC11": "9046",
      "sETC12": "1678",
      "sETC13": "6758",
      "sETC14": "8284",
      "sETC15": "2661",
      "sETC16": "9935",
      "sETC17": "6402"
   },
   {
      "sDate": "20010123",
      "nDateType": "1",
      "sDesc": "설날",
      "sETC1": "2003",
      "sETC2": "100-055-564",
      "sETC3": "테스트4",
      "sETC4": "9461",
      "sETC5": "3432",
      "sETC6": "9057",
      "sETC7": "7929",
      "sETC8": "6289",
      "sETC9": "8948",
      "sETC10": "6784",
      "sETC11": "202",
      "sETC12": "7053",
      "sETC13": "5876",
      "sETC14": "8378",
      "sETC15": "2397",
      "sETC16": "5807",
      "sETC17": "3581"
   },
   {
      "sDate": "20010301",
      "nDateType": "1",
      "sDesc": "삼일절",
      "sETC1": "2004",
      "sETC2": "100-055-564",
      "sETC3": "테스트5",
      "sETC4": "2929",
      "sETC5": "377",
      "sETC6": "6252",
      "sETC7": "5921",
      "sETC8": "4891",
      "sETC9": "4789",
      "sETC10": "9371",
      "sETC11": "7816",
      "sETC12": "9061",
      "sETC13": "2607",
      "sETC14": "2884",
      "sETC15": "4239",
      "sETC16": "5952",
      "sETC17": "1553"
   },
   {
      "sDate": "20010405",
      "nDateType": "1",
      "sDesc": "식목일",
      "sETC1": "2005",
      "sETC2": "100-055-564",
      "sETC3": "테스트6",
      "sETC4": "980",
      "sETC5": "6286",
      "sETC6": "5944",
      "sETC7": "4449",
      "sETC8": "1135",
      "sETC9": "2410",
      "sETC10": "3330",
      "sETC11": "8813",
      "sETC12": "500",
      "sETC13": "9315",
      "sETC14": "183",
      "sETC15": "4823",
      "sETC16": "291",
      "sETC17": "1821"
   },
   {
      "sDate": "20010501",
      "nDateType": "1",
      "sDesc": "근로자의날",
      "sETC1": "2006",
      "sETC2": "100-055-564",
      "sETC3": "테스트7",
      "sETC4": "2496",
      "sETC5": "7803",
      "sETC6": "4238",
      "sETC7": "480",
      "sETC8": "1715",
      "sETC9": "7313",
      "sETC10": "37",
      "sETC11": "909",
      "sETC12": "1128",
      "sETC13": "7955",
      "sETC14": "6232",
      "sETC15": "5979",
      "sETC16": "4010",
      "sETC17": "661"
   },
   {
      "sDate": "20010505",
      "nDateType": "1",
      "sDesc": "어린이날",
      "sETC1": "2007",
      "sETC2": "100-055-564",
      "sETC3": "테스트8",
      "sETC4": "9071",
      "sETC5": "451",
      "sETC6": "9995",
      "sETC7": "7544",
      "sETC8": "5112",
      "sETC9": "656",
      "sETC10": "5586",
      "sETC11": "2766",
      "sETC12": "4456",
      "sETC13": "2006",
      "sETC14": "1527",
      "sETC15": "7023",
      "sETC16": "3090",
      "sETC17": "6084"
   },
   {
      "sDate": "20010526",
      "nDateType": "1",
      "sDesc": "석가탄신일",
      "sETC1": "2008",
      "sETC2": "100-055-564",
      "sETC3": "테스트9",
      "sETC4": "9246",
      "sETC5": "8660",
      "sETC6": "9141",
      "sETC7": "5499",
      "sETC8": "838",
      "sETC9": "9253",
      "sETC10": "5814",
      "sETC11": "1484",
      "sETC12": "184",
      "sETC13": "8411",
      "sETC14": "4523",
      "sETC15": "6638",
      "sETC16": "708",
      "sETC17": "1025"
   },
   {
      "sDate": "20010606",
      "nDateType": "1",
      "sDesc": "현충일",
      "sETC1": "2009",
      "sETC2": "100-055-564",
      "sETC3": "테스트10",
      "sETC4": "4474",
      "sETC5": "6738",
      "sETC6": "7474",
      "sETC7": "5972",
      "sETC8": "6922",
      "sETC9": "8437",
      "sETC10": "6580",
      "sETC11": "5061",
      "sETC12": "7428",
      "sETC13": "1581",
      "sETC14": "9913",
      "sETC15": "2503",
      "sETC16": "9032",
      "sETC17": "5205"
   }
]}