<html xmlns='http://www.w3.org/1999/xhtml' xmlns:ev='http://www.w3.org/2001/xml-events' xmlns:w2='http://www.inswave.com/websquare' xmlns:xf='http://www.w3.org/2002/xforms'>
     <head>
        <w2:buildDate/>
        <xf:model>
            <xf:instance>
                <data xmlns="">
                	<test>
                		<vector>
							<data>
								<CONTRACT>
									<a value="1" />
								</CONTRACT>
							</data>
							<data>
								<CONTRACT>
									<a value="2" />
								</CONTRACT>
							</data>
							<data>
								<CONTRACT>
									<a value="1" />
								</CONTRACT>
							</data>
							<data>
								<CONTRACT>
									<a value="2" />
								</CONTRACT>
							</data>
							<data>
								<CONTRACT>
									<a value="1" />
								</CONTRACT>
							</data>
							<data>
								<CONTRACT>
									<a value="1" />
								</CONTRACT>
							</data>
						</vector>
                	</test>
                	<selectData01>
                		<select>
                			<data value="1" label="일"/>
                			<data value="2" label="이"/>
                		</select>
                	</selectData01>
                	<selectSub>
                		<select key="1">
                			<data value="1" label="11"/>
                			<data value="2" label="22"/>
                			<data value="3" label="33"/>
                		</select>
                		<select key="2">
                			<data value="4" label="44"/>
                			<data value="5" label="55"/>
                			<data value="6" label="66"/>
                		</select>
                	</selectSub>
                </data>
            </xf:instance>
        </xf:model>
        <script type="javascript"><![CDATA[ 
            //화면 전체가 다 그려진후 실행
			var xml = WebSquare.ModelUtil.findInstanceNode("test/vector");
			grid1.setXML(xml);
        ]]></script>
       
    </head>

     <body>
     	<w2:grid style="position:absolute;left:10px;top:11px;width:153px;height:240px;"
     		rowNumStyle="" tooltipStyle="vertical-align:middle;word-wrap:break-word" id="grid1"
     		repeatNode="data/CONTRACT" baseNode="vector" valueNode="value">
     		<w2:header style="height:20px;" columnStyle="" id="header1" width="70">
     			<w2:row>
     				<w2:column inputType="text" valueType="binary" style="height:20px;"
     					id="column1" width="70">
     				</w2:column>
     				<w2:column id="column3" style="height:20px" hidden="" inputType="text"
     					width="70" valueType="binary">
     				</w2:column>
     			</w2:row>
     		</w2:header>
     		<w2:gBody style="height:20px" columnStyle="" id="gBody1" width="70">
     			<w2:row>
     				<w2:column inputType="select" valueType="binary" style="height:20px" id="a"
     					width="70" dataType="own" allOption="" chooseOption="">
     					<w2:choices>
     						<w2:itemset nodeset="selectData01/select">
     							<w2:label ref="data/@label"></w2:label>
     							<w2:value ref="data/@value"></w2:value>
     						</w2:itemset>
     					</w2:choices>
     				</w2:column>
     				<w2:column id="bb" style="height:21px" hidden="" inputType="select" width="70"
     					valueType="binary" dataType="own" allOption="" chooseOption="true">
     					<w2:choices>
     						<w2:itemset nodeset="selectSub/select[@key=ref('a')]">
     							<w2:label ref="data/@label"></w2:label>
     							<w2:value ref="data/@value"></w2:value>
     						</w2:itemset>
     					</w2:choices>
     				</w2:column>
     			</w2:row>
     		</w2:gBody>
     		<script type="javascript" ev:event="onChange( row , col, newData, oldData )"><![CDATA[
    			var tmpSetCellData = "";
    			if(col == 0){
    				tmpSetCellData = WebSquare.ModelUtil.getInstanceValue("selectSub/select[@key='"+newData+"']/data/@value");
					grid1.setCellData(row, 1, "");
					grid1.setCellData(row, 1, tmpSetCellData);
    			}
    				
    		]]></script>
     	</w2:grid>
     </body>

</html>
